1,1,1001,Agliè,1314.64,13.1464,2,2644,201.11969816832
1,1,1002,Airasca,1573.95,15.7395,2,3819,242.63794910893
1,1,1003,"Ala di Stura",4633.22,46.3322,3,462,9.97146692796802
1,1,1004,"Albiano d'Ivrea",1173.16,11.7316,2,1791,152.664598179276
1,1,1005,"Alice Superiore",737.97,7.3797,1,701,94.9903112592653
1,1,1006,Almese,1787.59,17.8759,2,6303,352.597631447927
1,1,1007,Alpette,562.62,5.6262,1,277,49.2339412036543
1,1,1008,Alpignano,1191.95,11.9195,2,16893,1417.2574352951
1,1,1009,Andezeno,748.61,7.4861,1,1966,262.620055836818
1,1,1010,Andrate,930.87,9.3087,1,512,55.0023096673005
1,1,1011,Angrogna,3887.88,38.8788,3,870,22.3772338652428
1,1,1012,Arignano,816.7,8.167,1,1039,127.219297171544
1,1,1013,Avigliana,2321.75,23.2175,2,12129,522.407666630774
1,1,1014,Azeglio,996.07,9.9607,1,1347,135.231459636371
1,1,1015,Bairo,708.6,7.086,1,816,115.156646909399
1,1,1016,Balangero,1300.65,13.0065,2,3161,243.032329988852
1,1,1017,"Baldissero Canavese",450.65,4.5065,1,534,118.495506490625
1,1,1018,"Baldissero Torinese",1540.57,15.4057,2,3783,245.558462127654
1,1,1019,Balme,6271.14,62.7114,4,95,1.5148760831364
1,1,1020,Banchette,202.89,2.0289,1,3280,1616.63955838139
1,1,1021,Barbania,1280.29,12.8029,2,1623,126.768154090089
1,1,1022,Bardonecchia,13220.49,132.2049,4,3212,24.2956199051624
1,1,1023,"Barone Canavese",398.64,3.9864,1,599,150.260887015854
1,1,1024,Beinasco,673.44,6.7344,1,18104,2688.28700403896
1,1,1025,Bibiana,1859.82,18.5982,2,3376,181.522943080513
1,1,1026,"Bobbio Pellice",9408.34,94.0834,4,566,6.01593904982175
1,1,1027,Bollengo,1422.36,14.2236,2,2112,148.485615456003
1,1,1028,"Borgaro Torinese",1432.64,14.3264,2,13620,950.692427965155
1,1,1029,Borgiallo,696.49,6.9649,1,550,78.9673936452785
1,1,1030,"Borgofranco d'Ivrea",1341.91,13.4191,2,3643,271.478713177486
1,1,1031,Borgomasino,1237.13,12.3713,2,835,67.4949277763857
1,1,1032,"Borgone Susa",496.17,4.9617,1,2320,467.581675635367
1,1,1033,Bosconero,1091.92,10.9192,2,3056,279.87398344201
1,1,1034,Brandizzo,629.15,6.2915,1,8402,1335.45259477072
1,1,1035,Bricherasio,2275.88,22.7588,2,4517,198.472678700107
1,1,1036,Brosso,1113.51,11.1351,2,460,41.3108099612936
1,1,1037,Brozolo,895.05,8.9505,1,471,52.6227585051114
1,1,1038,Bruino,557.02,5.5702,1,8479,1522.20746113245
1,1,1039,Brusasco,1435.94,14.3594,2,1726,120.200008356895
1,1,1040,Bruzolo,1256,12.56,2,1545,123.009554140127
1,1,1041,Buriasco,1468.71,14.6871,2,1405,95.6621797359588
1,1,1042,Burolo,547.61,5.4761,1,1228,224.247183214331
1,1,1043,Busano,505.92,5.0592,1,1588,313.883617963314
1,1,1044,Bussoleno,3706.66,37.0666,3,6363,171.66397781291
1,1,1045,"Buttigliera Alta",809.74,8.0974,1,6386,788.648208066787
1,1,1046,Cafasse,1023.13,10.2313,2,3511,343.162647952851
1,1,1047,Caluso,3949.31,39.4931,3,7483,189.47613633774
1,1,1048,Cambiano,1413.16,14.1316,2,6215,439.794503099437
1,1,1049,"Campiglione Fenile",1108.65,11.0865,2,1382,124.656113290939
1,1,1050,"Candia Canavese",913.19,9.1319,1,1286,140.825019984888
1,1,1051,Candiolo,1185.01,11.8501,2,5566,469.700677631412
1,1,1052,Canischio,1195.06,11.9506,2,294,24.6012752497783
1,1,1053,Cantalupa,1119.54,11.1954,2,2527,225.717705486182
1,1,1054,Cantoira,2303.22,23.0322,2,554,24.0532819270413
1,1,1055,Caprie,1640.8,16.408,2,2116,128.961482203803
1,1,1056,Caravino,1153.72,11.5372,2,995,86.2427625420379
1,1,1057,Carema,1025.62,10.2562,2,772,75.2715430666329
1,1,1058,Carignano,5067.97,50.6797,4,9156,180.664052865348
1,1,1059,Carmagnola,9571.63,95.7163,4,28563,298.413122947711
1,1,1060,Casalborgone,2012.53,20.1253,2,1820,90.4334345326529
1,1,1061,"Cascinette d'Ivrea",217.26,2.1726,1,1491,686.274509803922
1,1,1062,Caselette,1431.38,14.3138,2,2931,204.76742723805
1,1,1063,"Caselle Torinese",2871.19,28.7119,3,18299,637.331559388268
1,1,1064,"Castagneto Po",1147.34,11.4734,2,1791,156.100196977356
1,1,1065,"Castagnole Piemonte",1727.98,17.2798,2,2193,126.911191101749
1,1,1066,Castellamonte,3870.69,38.7069,3,9917,256.207549558348
1,1,1067,"Castelnuovo Nigra",2837.6,28.376,3,417,14.695517338596
1,1,1068,"Castiglione Torinese",1413.48,14.1348,2,6363,450.165548858137
1,1,1069,Cavagnolo,1232.87,12.3287,2,2309,187.28657522691
1,1,1070,Cavour,4895.99,48.9599,3,5568,113.725722479008
1,1,1071,Cercenasco,1315.97,13.1597,2,1857,141.112639345882
1,1,1072,Ceres,2805.2,28.052,3,1056,37.6443747326394
1,1,1073,"Ceresole Reale",9981.63,99.8163,4,159,1.59292620543939
1,1,1074,"Cesana Torinese",12170.2,121.702,4,1007,8.2743093786462
1,1,1075,Chialamberto,3544.84,35.4484,3,364,10.268446530732
1,1,1076,Chianocco,1861.36,18.6136,2,1700,91.3310697554476
1,1,1077,Chiaverano,1202.23,12.0223,2,2106,175.174467447992
1,1,1078,Chieri,5419.84,54.1984,4,35962,663.525122512842
1,1,1079,Chiesanuova,411.9,4.119,1,203,49.283806749211
1,1,1080,Chiomonte,2675.53,26.7553,3,932,34.8342197620658
1,1,1081,"Chiusa di San Michele",591.65,5.9165,1,1691,285.810867911772
1,1,1082,Chivasso,5123.85,51.2385,4,25914,505.752510319389
1,1,1083,Ciconio,316.39,3.1639,1,371,117.260343247258
1,1,1084,Cintano,493.45,4.9345,1,261,52.8928969500456
1,1,1085,Cinzano,619.63,6.1963,1,375,60.5199877346158
1,1,1086,Ciriè,1773.31,17.7331,2,18415,1038.45351348608
1,1,1087,Claviere,268.72,2.6872,1,192,71.4498362607919
1,1,1088,"Coassolo Torinese",2787.92,27.8792,3,1550,55.5970042181985
1,1,1089,Coazze,5657.35,56.5735,4,3084,54.5131554526413
1,1,1090,Collegno,1809.96,18.0996,2,49083,2711.82788569913
1,1,1091,"Colleretto Castelnuovo",633.22,6.3322,1,347,54.7992798711348
1,1,1092,"Colleretto Giacosa",458.95,4.5895,1,603,131.386861313869
1,1,1093,Condove,7111.42,71.1142,4,4670,65.6690225018351
1,1,1094,Corio,4149.21,41.4921,3,3330,80.2562415495962
1,1,1095,"Cossano Canavese",323.84,3.2384,1,522,161.190711462451
1,1,1096,Cuceglio,687.1,6.871,1,997,145.102605152088
1,1,1097,Cumiana,6073.44,60.7344,4,7825,128.839669116679
1,1,1098,Cuorgnè,1931.37,19.3137,2,10084,522.116425128277
1,1,1099,Druento,2753.99,27.5399,3,8436,306.319195058806
1,1,1100,Exilles,4654.81,46.5481,3,266,5.71451895995755
1,1,1101,Favria,1485.02,14.8502,2,5230,352.18380897227
1,1,1102,Feletto,789.32,7.8932,1,2269,287.462626057873
1,1,1103,Fenestrelle,4940.98,49.4098,3,553,11.1921116863456
1,1,1104,Fiano,1204.16,12.0416,2,2713,225.302285410577
1,1,1105,"Fiorano Canavese",434.58,4.3458,1,837,192.599751484192
1,1,1106,Foglizzo,1564.29,15.6429,2,2331,149.013290374547
1,1,1107,"Forno Canavese",1650.05,16.5005,2,3612,218.902457501288
1,1,1108,Frassinetto,2481.88,24.8188,2,272,10.9594339774687
1,1,1109,Front,1094.84,10.9484,2,1726,157.648606189032
1,1,1110,Frossasco,2014.91,20.1491,2,2840,140.94922353852
1,1,1111,Garzigliana,740.19,7.4019,1,557,75.2509490806414
1,1,1112,"Gassino Torinese",2051.12,20.5112,2,9536,464.916728421545
1,1,1113,Germagnano,1444.44,14.4444,2,1256,86.9541137049653
1,1,1114,Giaglione,3338.38,33.3838,3,653,19.5603855762376
1,1,1115,Giaveno,7173.87,71.7387,4,16281,226.948634419079
1,1,1116,Givoletto,1282.01,12.8201,2,3640,283.929142518389
1,1,1117,Gravere,1898.73,18.9873,2,715,37.6567495115156
1,1,1118,Groscavallo,9209.49,92.0949,4,191,2.07394763445099
1,1,1119,Grosso,432.97,4.3297,1,1040,240.201399635079
1,1,1120,Grugliasco,1313.23,13.1323,2,37194,2832.25329911744
1,1,1121,Ingria,1475.08,14.7508,2,49,3.32185372996719
1,1,1122,"Inverso Pinasca",802.94,8.0294,1,741,92.2858495030762
1,1,1123,Isolabella,477.17,4.7717,1,393,82.3605842781399
1,1,1124,Issiglio,550.43,5.5043,1,425,77.2123612448449
1,1,1125,Ivrea,3010.8,30.108,3,23592,783.579115185333
1,1,1126,"La Cassa",1203.55,12.0355,2,1781,147.97889576669
1,1,1127,"La Loggia",1279.31,12.7931,2,8631,674.660559207698
1,1,1128,"Lanzo Torinese",1028.77,10.2877,2,5150,500.597801257813
1,1,1129,Lauriano,1429.02,14.2902,2,1493,104.477194161033
1,1,1130,Leini,3243.6,32.436,3,15523,478.573190282402
1,1,1131,Lemie,4567.6,45.676,3,189,4.13784044136965
1,1,1132,Lessolo,793.67,7.9367,1,1982,249.72595663185
1,1,1133,Levone,539.13,5.3913,1,439,81.4274850221653
1,1,1134,Locana,13251.94,132.5194,4,1601,12.0812499905674
1,1,1135,Lombardore,1271.59,12.7159,2,1706,134.162741135114
1,1,1136,Lombriasco,720.97,7.2097,1,1056,146.469339917056
1,1,1137,Loranzè,419.15,4.1915,1,1126,268.63891208398
1,1,1138,Lugnacco,488.36,4.8836,1,379,77.6066835940699
1,1,1139,"Luserna San Giovanni",1774.16,17.7416,2,7531,424.482572034089
1,1,1140,Lusernetta,703.99,7.0399,1,524,74.4328754669811
1,1,1141,Lusigliè,525.86,5.2586,1,556,105.73156353402
1,1,1142,Macello,1414.06,14.1406,2,1238,87.5493260540571
1,1,1143,Maglione,631.3,6.313,1,468,74.1327419610328
1,1,1144,Marentino,1125.95,11.2595,2,1383,122.82961055109
1,1,1145,Massello,3825.93,38.2593,3,58,1.51597128018547
1,1,1146,Mathi,707.07,7.0707,1,3985,563.593420736278
1,1,1147,Mattie,2869.46,28.6946,3,707,24.6387822098932
1,1,1148,Mazzè,2734.28,27.3428,3,4152,151.849847126117
1,1,1149,"Meana di Susa",1654.42,16.5442,2,880,53.1908463388982
1,1,1150,Mercenasco,1263.85,12.6385,2,1267,100.249238438106
1,1,1151,Meugliano,444.21,4.4421,1,93,20.936043763085
1,1,1152,Mezzenile,2908.76,29.0876,3,834,28.6720114413014
1,1,1153,"Mombello di Torino",408.25,4.0825,1,411,100.673606858543
1,1,1154,Mompantero,3033.37,30.3337,3,651,21.4612790394841
1,1,1155,"Monastero di Lanzo",1765.56,17.6556,2,381,21.5795554951404
1,1,1156,Moncalieri,4752.95,47.5295,3,55875,1175.58568888795
1,1,1157,Moncenisio,450.08,4.5008,1,42,9.33167436900107
1,1,1158,"Montaldo Torinese",465.68,4.6568,1,749,160.840061845044
1,1,1159,Montalenghe,646.82,6.4682,1,1030,159.240592436845
1,1,1160,"Montalto Dora",735.68,7.3568,1,3450,468.953892996955
1,1,1161,Montanaro,2090.39,20.9039,2,5375,257.129052473462
1,1,1162,"Monteu da Po",738.97,7.3897,1,901,121.926465215097
1,1,1163,"Moriondo Torinese",648.96,6.4896,1,820,126.356015779093
1,1,1164,Nichelino,2056.3,20.563,2,47851,2327.04371930166
1,1,1165,Noasca,7805.17,78.0517,4,169,2.16523150680895
1,1,1166,Nole,1135.32,11.3532,2,6910,608.638974033753
1,1,1167,Nomaglio,307.43,3.0743,1,312,101.486517255961
1,1,1168,None,2464.25,24.6425,2,7998,324.561225525008
1,1,1169,Novalesa,2855.46,28.5546,3,560,19.611551203659
1,1,1170,Oglianico,630.31,6.3031,1,1426,226.237882946487
1,1,1171,Orbassano,2220.82,22.2082,2,22537,1014.80534217091
1,1,1172,"Orio Canavese",715.42,7.1542,1,829,115.87598892958
1,1,1173,Osasco,548.86,5.4886,1,1124,204.788106256605
1,1,1174,Osasio,457.72,4.5772,1,913,199.4669230097
1,1,1175,Oulx,9978.72,99.7872,4,3160,31.6673882020941
1,1,1176,Ozegna,540.59,5.4059,1,1235,228.454096450175
1,1,1177,"Palazzo Canavese",508.2,5.082,1,843,165.879574970484
1,1,1178,Pancalieri,1588.81,15.8881,2,1985,124.936273059711
1,1,1179,Parella,268.86,2.6886,1,468,174.068288328498
1,1,1180,Pavarolo,440.57,4.4057,1,1119,253.989150418776
1,1,1181,"Pavone Canavese",1154.02,11.5402,2,3890,337.082546229701
1,1,1182,Pecco,156.8,1.568,1,209,133.290816326531
1,1,1183,"Pecetto Torinese",917.32,9.1732,1,3877,422.644224480007
1,1,1184,"Perosa Argentina",2609.1,26.091,3,3405,130.504771760377
1,1,1185,"Perosa Canavese",470.81,4.7081,1,556,118.094348038487
1,1,1186,Perrero,6318.39,63.1839,4,723,11.4427884318632
1,1,1187,Pertusio,400.42,4.0042,1,773,193.047300334649
1,1,1188,Pessinetto,534.99,5.3499,1,607,113.460064674106
1,1,1189,Pianezza,1646.36,16.4636,2,14169,860.62586554581
1,1,1190,Pinasca,3471.88,34.7188,3,3049,87.8198555249605
1,1,1191,Pinerolo,5033.84,50.3384,4,34854,692.393878232125
1,1,1192,"Pino Torinese",2181.99,21.8199,2,8481,388.68189130106
1,1,1193,"Piobesi Torinese",1964.91,19.6491,2,3713,188.965397906265
1,1,1194,Piossasco,4014.65,40.1465,3,18186,452.990920752743
1,1,1195,Piscina,990.36,9.9036,1,3450,348.358172785654
1,1,1196,Piverone,1103.45,11.0345,2,1378,124.881054873352
1,1,1197,Poirino,7561.98,75.6198,4,10220,135.149788811925
1,1,1198,Pomaretto,856.12,8.5612,1,1068,124.748866981264
1,1,1199,Pont-Canavese,1906.11,19.0611,2,3676,192.853507929763
1,1,1200,Porte,444.77,4.4477,1,1113,250.241697956247
1,1,1201,Pragelato,8920.3,89.203,4,724,8.11631895788258
1,1,1202,Prali,7261.03,72.6103,4,272,3.74602501298025
1,1,1203,Pralormo,2984.59,29.8459,3,1945,65.1680800377941
1,1,1204,Pramollo,2247.88,22.4788,2,242,10.7656992366141
1,1,1205,Prarostino,1050.54,10.5054,2,1289,122.698802520608
1,1,1206,Prascorsano,624.2,6.242,1,781,125.12015379686
1,1,1207,Pratiglione,788.04,7.8804,1,548,69.5396172783107
1,1,1208,Quagliuzzo,203.8,2.038,1,331,162.414131501472
1,1,1209,Quassolo,395.6,3.956,1,359,90.7482305358948
1,1,1210,Quincinetto,1778.74,17.7874,2,1048,58.9181105726525
1,1,1211,Reano,666.59,6.6659,1,1689,253.379138600939
1,1,1212,Ribordone,4360.08,43.6008,3,67,1.536669051944
1,1,1213,Rivalba,1083.35,10.8335,2,1159,106.982969492777
1,1,1214,"Rivalta di Torino",2510.8,25.108,3,19245,766.488768519994
1,1,1215,"Riva presso Chieri",3583.23,35.8323,3,4207,117.408036882924
1,1,1216,Rivara,1258.4,12.584,2,2666,211.856325492689
1,1,1217,"Rivarolo Canavese",3224.64,32.2464,3,12356,383.17455591942
1,1,1218,Rivarossa,1087.35,10.8735,2,1626,149.53786729204
1,1,1219,Rivoli,2950.02,29.5002,3,48632,1648.53119639867
1,1,1220,Robassomero,857.57,8.5757,1,2976,347.027064846018
1,1,1221,"Rocca Canavese",1419.14,14.1914,2,1754,123.595980664346
1,1,1222,Roletto,970.4,9.704,1,1989,204.967023907667
1,1,1223,"Romano Canavese",1121.08,11.2108,2,2937,261.979519748814
1,1,1224,"Ronco Canavese",9627.22,96.2722,4,313,3.25119816520242
1,1,1225,Rondissone,1068.79,10.6879,2,1834,171.595916877965
1,1,1226,Rorà,1240.76,12.4076,2,255,20.5519197910958
1,1,1227,Roure,5937.41,59.3741,4,888,14.9560161754031
1,1,1228,Rosta,906.51,9.0651,1,4621,509.757200692767
1,1,1229,Rubiana,2693.75,26.9375,3,2417,89.7262180974478
1,1,1230,Rueglio,1510.05,15.1005,2,773,51.1903579351677
1,1,1231,Salassa,495.2,4.952,1,1795,362.479806138934
1,1,1232,Salbertrand,3832.03,38.3203,3,579,15.1094850510043
1,1,1233,"Salerano Canavese",210.34,2.1034,1,522,248.169630122659
1,1,1234,"Salza di Pinerolo",1588.62,15.8862,2,78,4.90992181893719
1,1,1235,Samone,243.3,2.433,1,1614,663.378545006165
1,1,1236,"San Benigno Canavese",2223.21,22.2321,2,5615,252.562735863909
1,1,1237,"San Carlo Canavese",2090.71,20.9071,2,3874,185.295904262188
1,1,1238,"San Colombano Belmonte",338.09,3.3809,1,376,111.212990623798
1,1,1239,"San Didero",330.37,3.3037,1,566,171.32306202137
1,1,1240,"San Francesco al Campo",1497.98,14.9798,2,4825,322.100428577151
1,1,1241,Sangano,665.14,6.6514,1,3807,572.360706016778
1,1,1242,"San Germano Chisone",1586.19,15.8619,2,1874,118.144736759152
1,1,1243,"San Gillio",888.68,8.8868,1,3023,340.167439348247
1,1,1244,"San Giorgio Canavese",2040.52,20.4052,2,2705,132.564248328857
1,1,1245,"San Giorio di Susa",1973.69,19.7369,2,1040,52.6931787666756
1,1,1246,"San Giusto Canavese",961.33,9.6133,1,3397,353.364609447328
1,1,1247,"San Martino Canavese",979.35,9.7935,1,851,86.8943687139429
1,1,1248,"San Maurizio Canavese",1734.45,17.3445,2,9646,556.141716394246
1,1,1249,"San Mauro Torinese",1255.19,12.5519,2,18925,1507.73986408432
1,1,1250,"San Pietro Val Lemina",1244.48,12.4448,2,1430,114.907431216251
1,1,1251,"San Ponso",212.43,2.1243,1,279,131.337381725745
1,1,1252,"San Raffaele Cimena",1115.22,11.1522,2,3107,278.599738168254
1,1,1253,"San Sebastiano da Po",1657.69,16.5769,2,1909,115.160253123322
1,1,1254,"San Secondo di Pinerolo",1257.21,12.5721,2,3608,286.984672409542
1,1,1255,"Sant'Ambrogio di Torino",836.85,8.3685,1,4753,567.963195315767
1,1,1256,"Sant'Antonino di Susa",979.46,9.7946,1,4333,442.386621199436
1,1,1257,Santena,1619.86,16.1986,2,10738,662.89679355006
1,1,1258,"Sauze di Cesana",7827.84,78.2784,4,219,2.7977066470444
1,1,1259,"Sauze d'Oulx",1731.14,17.3114,2,1111,64.1773628938156
1,1,1260,Scalenghe,3167.73,31.6773,3,3303,104.270250305424
1,1,1261,Scarmagno,803.1,8.031,1,812,101.108205702901
1,1,1262,Sciolze,1135.58,11.3558,2,1513,133.235879462477
1,1,1263,Sestriere,2591.62,25.9162,3,838,32.3349873824095
1,1,1264,"Settimo Rottaro",605.79,6.0579,1,503,83.0320738209611
1,1,1265,"Settimo Torinese",3236.65,32.3665,3,46875,1448.25668515286
1,1,1266,"Settimo Vittone",2325.91,23.2591,2,1543,66.3396262108164
1,1,1267,Sparone,2967.89,29.6789,3,1085,36.5579586844526
1,1,1268,Strambinello,221.41,2.2141,1,264,119.235806874125
1,1,1269,Strambino,2246.9,22.469,2,6336,281.988517513018
1,1,1270,Susa,1098.8,10.988,2,6629,603.294503094285
1,1,1271,Tavagnasco,867.52,8.6752,1,813,93.7154186646994
1,1,1272,Torino,13001.11,130.0111,4,872367,6709.94245875929
1,1,1273,"Torrazza Piemonte",982.4,9.824,1,2816,286.644951140065
1,1,1274,"Torre Canavese",545.46,5.4546,1,589,107.982253510798
1,1,1275,"Torre Pellice",2109.84,21.0984,2,4573,216.746293557805
1,1,1276,Trana,1640.62,16.4062,2,3881,236.55691141154
1,1,1277,Trausella,1224.49,12.2449,2,131,10.6983315502781
1,1,1278,Traversella,3935.93,39.3593,3,350,8.89243457073678
1,1,1279,Traves,1045.46,10.4546,2,553,52.8953761980372
1,1,1280,Trofarello,1234.77,12.3477,2,10911,883.646347092981
1,1,1281,Usseaux,3796.75,37.9675,3,185,4.87258839797195
1,1,1282,Usseglio,9853.9,98.539,4,219,2.22247029095079
1,1,1283,Vaie,722.93,7.2293,1,1455,201.264299448079
1,1,1284,"Val della Torre",3652.58,36.5258,3,3812,104.364586128161
1,1,1285,Valgioie,912.01,9.1201,1,948,103.946228659773
1,1,1286,"Vallo Torinese",607.93,6.0793,1,785,129.126708667116
1,1,1287,Valperga,1190.95,11.9095,2,3163,265.586296653932
1,1,1288,"Valprato Soana",7185,71.85,4,112,1.55880306193459
1,1,1289,Varisella,2255.83,22.5583,2,830,36.793552705656
1,1,1290,"Vauda Canavese",709.3,7.093,1,1465,206.54166079233
1,1,1291,Venaus,1914.38,19.1438,2,959,50.0945475819848
1,1,1292,"Venaria Reale",2044.27,20.4427,2,33741,1650.51583205741
1,1,1293,Verolengo,2948.86,29.4886,3,4962,168.26841559111
1,1,1294,"Verrua Savoia",3194.36,31.9436,3,1459,45.6742508671534
1,1,1295,Vestignè,1206.92,12.0692,2,830,68.7700924667749
1,1,1296,Vialfrè,464.54,4.6454,1,254,54.6777457269557
1,1,1297,"Vico Canavese",3293.34,32.9334,3,882,26.7813223050156
1,1,1298,Vidracco,296.78,2.9678,1,500,168.474964620257
1,1,1299,Vigone,4115.49,41.1549,3,5217,126.764978167849
1,1,1300,"Villafranca Piemonte",5078.61,50.7861,4,4825,95.0063107818872
1,1,1301,"Villanova Canavese",403.07,4.0307,1,1135,281.588805914605
1,1,1302,Villarbasse,1040.9,10.409,2,3323,319.242962820636
1,1,1303,"Villar Dora",570.67,5.7067,1,2951,517.111465470412
1,1,1304,Villareggia,1140.93,11.4093,2,1012,88.6995696493212
1,1,1305,"Villar Focchiardo",2568.72,25.6872,3,2068,80.5070229530661
1,1,1306,"Villar Pellice",6029.36,60.2936,4,1120,18.5757692358725
1,1,1307,"Villar Perosa",1142.3,11.423,2,4149,363.214567101462
1,1,1308,Villastellone,1987.7,19.877,2,4864,244.704935352417
1,1,1309,Vinovo,1769.43,17.6943,2,14108,797.318910609631
1,1,1310,"Virle Piemonte",1405.75,14.0575,2,1191,84.7234572292371
1,1,1311,Vische,1707.5,17.075,2,1314,76.9546120058565
1,1,1312,Vistrorio,468.18,4.6818,1,521,111.281985561109
1,1,1313,Viù,8411.31,84.1131,4,1118,13.2916275823861
1,1,1314,Volpiano,3246.34,32.4634,3,14998,461.997203003998
1,1,1315,Volvera,2098.3,20.983,2,8690,414.144783872659
1,2,2002,"Alagna Valsesia",7203.96,72.0396,4,420,5.83012676361335
1,2,2003,"Albano Vercellese",1378.06,13.7806,2,334,24.2369708140429
1,2,2004,"Alice Castello",2456.53,24.5653,2,2721,110.765999193985
1,2,2006,Arborio,2331.05,23.3105,2,909,38.9953025460629
1,2,2007,"Asigliano Vercellese",2631.59,26.3159,3,1401,53.2377764013391
1,2,2008,Balmuccia,978.87,9.7887,1,94,9.60290947725438
1,2,2009,Balocco,1680.82,16.8082,2,239,14.2192501279138
1,2,2011,Bianzè,4180.64,41.8064,3,2028,48.5093191473076
1,2,2014,Boccioleto,3387.11,33.8711,3,219,6.46568903873804
1,2,2015,"Borgo d'Ale",3957.13,39.5713,3,2588,65.4009345156717
1,2,2016,Borgosesia,4109.07,41.0907,3,13031,317.12771989769
1,2,2017,"Borgo Vercelli",1929.52,19.2952,2,2295,118.941498403748
1,2,2019,Breia,723.07,7.2307,1,178,24.617256973737
1,2,2021,Buronzo,2507.79,25.0779,3,916,36.5261844093804
1,2,2025,Campertogno,3413.69,34.1369,3,243,7.11839680814602
1,2,2029,Carcoforo,2280.07,22.8007,2,75,3.28937269469797
1,2,2030,Caresana,2410.9,24.109,2,1028,42.6396781284997
1,2,2031,Caresanablot,1102.2,11.022,2,1137,103.157321720196
1,2,2032,Carisio,3010.66,30.1066,3,864,28.6980263463825
1,2,2033,"Casanova Elvo",1620.53,16.2053,2,265,16.352674742214
1,2,2035,"San Giacomo Vercellese",960.46,9.6046,1,329,34.2544197571997
1,2,2038,Cellio,1004.89,10.0489,2,849,84.4868592582273
1,2,2041,Cervatto,953.81,9.5381,1,48,5.03244881055975
1,2,2042,Cigliano,2530.81,25.3081,3,4547,179.66579869686
1,2,2043,Civiasco,738.79,7.3879,1,265,35.8694622287795
1,2,2045,Collobiano,922.36,9.2236,1,105,11.383841450193
1,2,2047,Costanzana,2096.79,20.9679,2,816,38.9166297054068
1,2,2048,Cravagliana,3485.68,34.8568,3,278,7.97548828349131
1,2,2049,Crescentino,4822.4,48.224,3,7984,165.560716655607
1,2,2052,Crova,1401.65,14.0165,2,410,29.2512396104591
1,2,2054,Desana,1647.71,16.4771,2,1055,64.0282573996638
1,2,2057,Fobello,2814.07,28.1407,3,219,7.78232240136173
1,2,2058,"Fontanetto Po",2324.28,23.2428,2,1203,51.7579637565181
1,2,2059,Formigliana,1676.31,16.7631,2,550,32.810160411857
1,2,2061,Gattinara,3366.64,33.6664,3,8272,245.704916474586
1,2,2062,Ghislarengo,1250.31,12.5031,2,899,71.902168262271
1,2,2065,Greggio,1188.18,11.8818,2,382,32.1500109411032
1,2,2066,Guardabosone,608.76,6.0876,1,340,55.8512385833498
1,2,2067,Lamporo,964.42,9.6442,1,546,56.6143381514278
1,2,2068,Lenta,1897.04,18.9704,2,878,46.2826297811327
1,2,2070,Lignana,2257.44,22.5744,2,579,25.6485222198597
1,2,2071,"Livorno Ferraris",5802.88,58.0288,4,4450,76.6860593360538
1,2,2072,Lozzolo,666.73,6.6673,1,819,122.838330358616
1,2,2078,Mollia,1391.8,13.918,2,104,7.47233797959477
1,2,2079,Moncrivello,2018.21,20.1821,2,1465,72.5890764588422
1,2,2082,"Motta de' Conti",1171.59,11.7159,2,804,68.6246895244924
1,2,2088,Olcenengo,1650.38,16.5038,2,754,45.6864479695585
1,2,2089,Oldenico,652.71,6.5271,1,252,38.6082640069863
1,2,2090,"Palazzolo Vercellese",1393.98,13.9398,2,1292,92.6842565890472
1,2,2091,Pertengo,829.5,8.295,1,321,38.6980108499096
1,2,2093,Pezzana,1735.18,17.3518,2,1346,77.5712029875863
1,2,2096,Pila,869.04,8.6904,1,137,15.7645217711498
1,2,2097,Piode,1359.78,13.5978,2,193,14.1934724734884
1,2,2102,Postua,1617.84,16.1784,2,594,36.7156208277704
1,2,2104,Prarolo,1153.9,11.539,2,672,58.2372822601612
1,2,2107,Quarona,1615.63,16.1563,2,4246,262.807697306933
1,2,2108,"Quinto Vercellese",1090.24,10.9024,2,400,36.6891693572057
1,2,2110,Rassa,4327.08,43.2708,3,66,1.52527801658393
1,2,2111,"Rima San Giuseppe",3602.32,36.0232,3,67,1.8599125008328
1,2,2112,Rimasco,2430.36,24.3036,2,123,5.06097862045129
1,2,2113,Rimella,2627.06,26.2706,3,137,5.21495512093367
1,2,2114,"Riva Valdobbia",6113.51,61.1351,4,251,4.10566106868231
1,2,2115,Rive,940.9,9.409,1,469,49.8458922308428
1,2,2116,Roasio,2791.64,27.9164,3,2465,88.299350919173
1,2,2118,Ronsecco,2447.58,24.4758,2,580,23.6968760980234
1,2,2121,Rossa,1183.81,11.8381,2,194,16.3877649284936
1,2,2122,Rovasenda,2926.86,29.2686,3,979,33.4488154541044
1,2,2123,Sabbia,1485.39,14.8539,2,57,3.83737604265546
1,2,2126,Salasco,1218.77,12.1877,2,237,19.4458347350197
1,2,2127,"Sali Vercellese",877.68,8.7768,1,114,12.9887886245556
1,2,2128,Saluggia,3159.86,31.5986,3,4170,131.967871994329
1,2,2131,"San Germano Vercellese",3063.31,30.6331,3,1768,57.7153471245156
1,2,2133,Santhià,5313.02,53.1302,4,8825,166.101388664074
1,2,2134,Scopa,2253.38,22.5338,2,391,17.3517116509421
1,2,2135,Scopello,1825.47,18.2547,2,402,22.021725911683
1,2,2137,"Serravalle Sesia",2090.56,20.9056,2,5141,245.914970151538
1,2,2142,Stroppiana,1831.43,18.3143,2,1258,68.6894940019548
1,2,2147,Tricerro,1224.93,12.2493,2,709,57.8808584980366
1,2,2148,Trino,7060.64,70.6064,4,7437,105.330394978359
1,2,2150,"Tronzano Vercellese",4475.15,44.7515,3,3558,79.5057148922383
1,2,2152,Valduggia,2842.63,28.4263,3,2117,74.4732870616295
1,2,2156,Varallo,8812.06,88.1206,4,7485,84.9404112091838
1,2,2158,Vercelli,7977.58,79.7758,4,46308,580.476786193307
1,2,2163,Villarboit,2551.13,25.5113,3,465,18.2272169587594
1,2,2164,Villata,1458.25,14.5825,2,1618,110.954911709241
1,2,2166,Vocca,2025.76,20.2576,2,162,7.99699865729405
1,3,3001,"Agrate Conturbia",1453.66,14.5366,2,1554,106.902576943714
1,3,3002,Ameno,999.66,9.9966,1,874,87.4297261068763
1,3,3006,Armeno,3151.58,31.5158,3,2201,69.8379860260568
1,3,3008,Arona,1517.01,15.1701,2,14195,935.722243096618
1,3,3012,Barengo,1949.31,19.4931,2,852,43.7077735198609
1,3,3016,"Bellinzago Novarese",3917.91,39.1791,3,9375,239.285741632656
1,3,3018,Biandrate,1245.38,12.4538,2,1200,96.3561322648509
1,3,3019,Boca,960.81,9.6081,1,1227,127.704749117932
1,3,3021,Bogogno,850.98,8.5098,1,1325,155.702836729418
1,3,3022,"Bolzano Novarese",330.44,3.3044,1,1176,355.889117540249
1,3,3023,Borgolavezzaro,2109.15,21.0915,2,2083,98.760164047128
1,3,3024,Borgomanero,3227.04,32.2704,3,21166,655.895185680995
1,3,3025,"Borgo Ticino",1337.4,13.374,2,4929,368.55091969493
1,3,3026,"Briga Novarese",474.79,4.7479,1,3050,642.389266833758
1,3,3027,Briona,2475.66,24.7566,2,1234,49.8452937802445
1,3,3030,Caltignaga,2232.16,22.3216,2,2585,115.807110601391
1,3,3032,Cameri,3998.58,39.9858,3,10770,269.345617694281
1,3,3036,"Carpignano Sesia",1465.59,14.6559,2,2578,175.901855225541
1,3,3037,Casalbeltrame,1604.1,16.041,2,1076,67.0781123371361
1,3,3039,"Casaleggio Novara",1053.12,10.5312,2,930,88.3090246125798
1,3,3040,Casalino,3949.18,39.4918,3,1555,39.3752627127657
1,3,3041,Casalvolone,1748.52,17.4852,2,867,49.5847917095601
1,3,3042,"Castellazzo Novarese",1079.19,10.7919,2,323,29.9298547985063
1,3,3043,"Castelletto sopra Ticino",1464.14,14.6414,2,10005,683.336292977447
1,3,3044,Cavaglietto,648.56,6.4856,1,407,62.7544097693351
1,3,3045,"Cavaglio d'Agogna",983.37,9.8337,1,1280,130.164637928755
1,3,3047,Cavallirio,832.62,8.3262,1,1249,150.00840719656
1,3,3049,Cerano,3263.95,32.6395,3,6728,206.130608618392
1,3,3051,Colazza,316.18,3.1618,1,463,146.435574672655
1,3,3052,Comignago,444.93,4.4493,1,1223,274.874699390915
1,3,3055,Cressa,710.36,7.1036,1,1571,221.155470465679
1,3,3058,Cureggio,850.69,8.5069,1,2604,306.104456382466
1,3,3060,Divignano,509.78,5.0978,1,1445,283.45560830162
1,3,3062,Dormelletto,725.23,7.2523,1,2643,364.436109923748
1,3,3065,"Fara Novarese",921.48,9.2148,1,2113,229.305031037027
1,3,3066,"Fontaneto d'Agogna",2117.05,21.1705,2,2731,129.00025979547
1,3,3068,Galliate,2936.97,29.3697,3,15008,511.002836256414
1,3,3069,"Garbagna Novarese",1004.95,10.0495,2,1350,134.335041544355
1,3,3070,Gargallo,375.43,3.7543,1,1869,497.829155901233
1,3,3071,Gattico,1628.86,16.2886,2,3361,206.34063087067
1,3,3073,Ghemme,2064.45,20.6445,2,3617,175.204049504711
1,3,3076,Gozzano,1258.23,12.5823,2,5601,445.149138074915
1,3,3077,"Granozzo con Monticello",1952.36,19.5236,2,1432,73.3471286033314
1,3,3079,Grignasco,1433.39,14.3339,2,4691,327.266131338994
1,3,3082,Invorio,1737.2,17.372,2,4464,256.965231406862
1,3,3083,Landiona,728.35,7.2835,1,590,81.0050113269719
1,3,3084,Lesa,1358.13,13.5813,2,2236,164.63814215134
1,3,3088,Maggiora,1065.89,10.6589,2,1742,163.431498559889
1,3,3090,"Mandello Vitta",585.42,5.8542,1,244,41.67947798162
1,3,3091,"Marano Ticino",778.8,7.788,1,1554,199.537750385208
1,3,3093,"Massino Visconti",686.4,6.864,1,1111,161.858974358974
1,3,3095,Meina,753.51,7.5351,1,2556,339.212485567544
1,3,3097,Mezzomerico,771.88,7.7188,1,1176,152.355288386796
1,3,3098,Miasino,552.1,5.521,1,887,160.659300851295
1,3,3100,Momo,2359.11,23.5911,2,2673,113.305441458855
1,3,3103,Nebbiuno,826.52,8.2652,1,1856,224.555969607511
1,3,3104,Nibbiola,1134.22,11.3422,2,792,69.8277230166987
1,3,3106,Novara,10305.08,103.0508,4,101952,989.337297721124
1,3,3108,Oleggio,3779.49,37.7949,3,13650,361.1598390259
1,3,3109,"Oleggio Castello",593.52,5.9352,1,1968,331.58107561666
1,3,3112,"Orta San Giulio",665.01,6.6501,1,1163,174.884588201681
1,3,3114,Paruzzaro,522.72,5.2272,1,2088,399.449035812672
1,3,3115,Pella,813.46,8.1346,1,1038,127.603078209131
1,3,3116,Pettenasco,707.14,7.0714,1,1368,193.455327092231
1,3,3119,Pisano,276.6,2.766,1,770,278.380332610268
1,3,3120,Pogno,986.54,9.8654,1,1538,155.898392361182
1,3,3121,Pombia,1229.67,12.2967,2,2182,177.445981442176
1,3,3122,"Prato Sesia",1212.62,12.1262,2,1993,164.35486797183
1,3,3129,Recetto,885.28,8.8528,1,916,103.470088559552
1,3,3130,"Romagnano Sesia",1797.66,17.9766,2,4049,225.23725287318
1,3,3131,Romentino,1769.1,17.691,2,5379,304.052908258437
1,3,3133,"San Maurizio d'Opaglio",851,8.51,1,3104,364.747356051704
1,3,3134,"San Nazzaro Sesia",1145.13,11.4513,2,690,60.2551675355636
1,3,3135,"San Pietro Mosezzo",3489.97,34.8997,3,1996,57.1924687031694
1,3,3138,Sillavengo,953.53,9.5353,1,595,62.3997147441612
1,3,3139,Sizzano,1075.44,10.7544,2,1446,134.456594510154
1,3,3140,Soriso,637.2,6.372,1,781,122.567482736974
1,3,3141,Sozzago,1291.5,12.915,2,1055,81.6879597367402
1,3,3143,Suno,2132.74,21.3274,2,2808,131.661618387614
1,3,3144,Terdobbiate,846.33,8.4633,1,500,59.078609998464
1,3,3146,Tornaco,1324.03,13.2403,2,876,66.1616428630771
1,3,3149,Trecate,3822.37,38.2237,3,19856,519.46828799933
1,3,3153,"Vaprio d'Agogna",1001.24,10.0124,2,1015,101.374295873117
1,3,3154,"Varallo Pombia",1361.23,13.6123,2,5004,367.608706831322
1,3,3157,Veruno,987.19,9.8719,1,1844,186.792815972609
1,3,3158,Vespolate,1778.08,17.7808,2,2067,116.248987672096
1,3,3159,Vicolungo,1329.41,13.2941,2,883,66.4204421510294
1,3,3164,Vinzaglio,1546.34,15.4634,2,588,38.0252725791223
1,4,4001,Acceglio,15152.99,151.5299,4,174,1.14828822562412
1,4,4002,Aisone,3691.78,36.9178,3,254,6.88014995476437
1,4,4003,Alba,5358.62,53.5862,4,30804,574.849494832625
1,4,4004,"Albaretto della Torre",459,4.59,1,259,56.4270152505447
1,4,4005,Alto,746.12,7.4612,1,121,16.2172304723101
1,4,4006,Argentera,7626.03,76.2603,4,79,1.0359256388973
1,4,4007,Arguello,491.75,4.9175,1,201,40.8744280630402
1,4,4008,Bagnasco,3094.93,30.9493,3,1038,33.5387230082748
1,4,4009,"Bagnolo Piemonte",6325.15,63.2515,4,6040,95.4918065184225
1,4,4010,"Baldissero d'Alba",1532.59,15.3259,2,1086,70.860438864928
1,4,4011,Barbaresco,776.38,7.7638,1,677,87.1995672222365
1,4,4012,Barge,8199.36,81.9936,4,7861,95.8733364555282
1,4,4013,Barolo,568.93,5.6893,1,705,123.916826323098
1,4,4014,"Bastia Mondovì",1200.08,12.0008,2,646,53.8297446836878
1,4,4015,Battifollo,1111.96,11.1196,2,234,21.0439224432534
1,4,4016,Beinette,1768.68,17.6868,2,3200,180.925888233033
1,4,4017,Bellino,6207.09,62.0709,4,135,2.17493221461264
1,4,4018,"Belvedere Langhe",500.3,5.003,1,370,73.9556266240256
1,4,4019,"Bene Vagienna",4896.8,48.968,3,3671,74.9673256003921
1,4,4020,Benevello,543.9,5.439,1,457,84.0227983085126
1,4,4021,Bergolo,311.18,3.1118,1,67,21.5309467189408
1,4,4022,Bernezzo,2584.49,25.8449,3,3785,146.450556976425
1,4,4023,Bonvicino,724.1,7.241,1,107,14.7769645076647
1,4,4024,Borgomale,847.79,8.4779,1,389,45.8840042935161
1,4,4025,"Borgo San Dalmazzo",2234.01,22.3401,2,12372,553.80235540575
1,4,4026,Bosia,554.06,5.5406,1,181,32.6679421001336
1,4,4027,Bossolasco,1454.55,14.5455,2,676,46.4748547660789
1,4,4028,Boves,5094.91,50.9491,4,9725,190.876777018632
1,4,4029,Bra,5953.07,59.5307,4,28935,486.051734651197
1,4,4030,Briaglia,623.77,6.2377,1,324,51.9422222934736
1,4,4031,"Briga Alta",5218.05,52.1805,4,48,0.91988386466209
1,4,4032,Brondello,1012.42,10.1242,2,287,28.347918847909
1,4,4033,Brossasco,2806.43,28.0643,3,1109,39.5163962756955
1,4,4034,Busca,6584.53,65.8453,4,10049,152.615296763778
1,4,4035,Camerana,2363.82,23.6382,2,655,27.7093856554222
1,4,4036,Camo,361.15,3.6115,1,200,55.3786515298353
1,4,4037,Canale,1786.58,17.8658,2,5636,315.463063506812
1,4,4038,Canosio,4844.84,48.4484,3,82,1.69252235367938
1,4,4039,Caprauna,1150.33,11.5033,2,120,10.4317891387689
1,4,4040,Caraglio,4167.66,41.6766,3,6755,162.081359803823
1,4,4041,"Caramagna Piemonte",2632.91,26.3291,3,3032,115.157753208427
1,4,4042,Cardè,1930.5,19.305,2,1134,58.7412587412587
1,4,4043,Carrù,2583.84,25.8384,3,4428,171.372840423556
1,4,4044,Cartignano,641.93,6.4193,1,178,27.7288800959606
1,4,4045,Casalgrasso,1780.69,17.8069,2,1448,81.3167929285839
1,4,4046,Castagnito,711.49,7.1149,1,2113,296.982389070823
1,4,4047,Casteldelfino,3395.18,33.9518,3,179,5.27217997278495
1,4,4048,Castellar,334.05,3.3405,1,284,85.0172129920671
1,4,4049,"Castelletto Stura",1713.03,17.1303,2,1351,78.8661027536004
1,4,4050,"Castelletto Uzzone",1485.85,14.8585,2,365,24.5650637682135
1,4,4051,Castellinaldo,780.3,7.803,1,897,114.955786236063
1,4,4052,"Castellino Tanaro",1151.8,11.518,2,337,29.2585518319153
1,4,4053,Castelmagno,4930.77,49.3077,3,82,1.66302626161837
1,4,4054,"Castelnuovo di Ceva",626.26,6.2626,1,139,22.1952543671957
1,4,4055,"Castiglione Falletto",472.03,4.7203,1,708,149.990466707625
1,4,4056,"Castiglione Tinella",1163.47,11.6347,2,871,74.8622654645156
1,4,4057,Castino,1552.3,15.523,2,500,32.2102686336404
1,4,4058,Cavallerleone,1643.8,16.438,2,652,39.6641927241757
1,4,4059,Cavallermaggiore,5159.54,51.5954,4,5472,106.055966229548
1,4,4060,"Celle di Macra",3110.57,31.1057,3,93,2.98980572692465
1,4,4061,Centallo,4248.55,42.4855,3,6817,160.454743383037
1,4,4062,"Ceresole Alba",3705.02,37.0502,3,2115,57.084712093322
1,4,4063,"Cerretto Langhe",1014.25,10.1425,2,455,44.8607345329061
1,4,4064,Cervasca,1824.21,18.2421,2,4804,263.346873441106
1,4,4065,Cervere,1859.64,18.5964,2,2162,116.259060893506
1,4,4066,Ceva,4316.63,43.1663,3,5757,133.367928221784
1,4,4067,Cherasco,8153.63,81.5363,4,8652,106.112246937867
1,4,4068,"Chiusa di Pesio",9502.03,95.0203,4,3730,39.2547697702491
1,4,4069,Cigliè,612.2,6.122,1,196,32.015681149951
1,4,4070,Cissone,590.35,5.9035,1,82,13.8900652155501
1,4,4071,Clavesana,1715.11,17.1511,2,900,52.4747683822029
1,4,4072,"Corneliano d'Alba",1008.8,10.088,2,2037,201.923076923077
1,4,4073,Cortemilia,2498.78,24.9878,2,2388,95.5666365186211
1,4,4074,"Cossano Belbo",2054.01,20.5401,2,1030,50.1458123378172
1,4,4075,"Costigliole Saluzzo",1534.25,15.3425,2,3344,217.956656346749
1,4,4076,Cravanzana,811.84,8.1184,1,408,50.2562081198266
1,4,4077,Crissolo,5205.37,52.0537,4,172,3.30428000315059
1,4,4078,Cuneo,11967.1,119.671,4,55013,459.702016361524
1,4,4079,Demonte,12730.82,127.3082,4,2059,16.1733493993317
1,4,4080,"Diano d'Alba",1754.35,17.5435,2,3451,196.711032576168
1,4,4081,Dogliani,3568.34,35.6834,3,4805,134.656450898737
1,4,4082,Dronero,5895.83,58.9583,4,7205,122.205016087642
1,4,4083,Elva,2622,26.22,3,94,3.58504958047292
1,4,4084,Entracque,16073.39,160.7339,4,807,5.02072058227916
1,4,4085,Envie,2493.09,24.9309,2,2057,82.5080522564368
1,4,4086,Farigliano,1644.2,16.442,2,1747,106.252280744435
1,4,4087,Faule,703.01,7.0301,1,496,70.5537616819106
1,4,4088,Feisoglio,766.67,7.6667,1,344,44.8693701331733
1,4,4089,Fossano,13014.54,130.1454,4,24710,189.864566861372
1,4,4090,"Frabosa Soprana",4714.45,47.1445,3,815,17.2872763524907
1,4,4091,"Frabosa Sottana",3764.39,37.6439,3,1494,39.6877050465016
1,4,4092,Frassino,1701.09,17.0109,2,290,17.0478928216614
1,4,4093,Gaiola,496.91,4.9691,1,600,120.746211587611
1,4,4094,Gambasca,574.13,5.7413,1,408,71.0640447285458
1,4,4095,Garessio,13128.52,131.2852,4,3362,25.6083701742466
1,4,4096,Genola,1372.26,13.7226,2,2596,189.176978123679
1,4,4097,Gorzegno,1397.01,13.9701,2,322,23.0492265624441
1,4,4098,Gottasecca,1367.71,13.6771,2,174,12.7219951597926
1,4,4099,Govone,1891.1,18.911,2,2157,114.060599650997
1,4,4100,"Grinzane Cavour",380.83,3.8083,1,1938,508.888480424336
1,4,4101,Guarene,1344.61,13.4461,2,3435,255.464409754501
1,4,4102,Igliano,340.42,3.4042,1,84,24.6754009752658
1,4,4103,Isasca,507.85,5.0785,1,78,15.3588658068327
1,4,4104,Lagnasco,1771.27,17.7127,2,1405,79.3216166931072
1,4,4105,"La Morra",2416.62,24.1662,2,2718,112.471137373687
1,4,4106,"Lequio Berria",1182.93,11.8293,2,494,41.7607128063368
1,4,4107,"Lequio Tanaro",1220.06,12.2006,2,819,67.1278461714998
1,4,4108,Lesegno,1424.16,14.2416,2,854,59.9651724525334
1,4,4109,Levice,1573.92,15.7392,2,246,15.6297651723086
1,4,4110,"Limone Piemonte",7081.15,70.8115,4,1490,21.0417799368747
1,4,4111,Lisio,822.88,8.2288,1,214,26.0062220493875
1,4,4112,Macra,2465.66,24.6566,2,52,2.10896879537325
1,4,4113,"Magliano Alfieri",950.02,9.5002,1,2026,213.258668238563
1,4,4114,"Magliano Alpi",3322.09,33.2209,3,2231,67.1565189383792
1,4,4115,Mango,2003.13,20.0313,2,1334,66.5957776080434
1,4,4116,Manta,1173.46,11.7346,2,3735,318.289502837762
1,4,4117,Marene,2898.74,28.9874,3,3055,105.390617992645
1,4,4118,Margarita,1137.64,11.3764,2,1432,125.874617629479
1,4,4119,Marmora,4112.64,41.1264,3,74,1.79933084344849
1,4,4120,Marsaglia,1302.6,13.026,2,261,20.0368493781667
1,4,4121,"Martiniana Po",1328.08,13.2808,2,781,58.8066983916632
1,4,4122,Melle,2790.61,27.9061,3,326,11.6820336772247
1,4,4123,Moiola,1506.84,15.0684,2,252,16.7237397467548
1,4,4124,Mombarcaro,2051.14,20.5114,2,274,13.3584250709362
1,4,4125,Mombasiglio,1735,17.35,2,616,35.5043227665706
1,4,4126,"Monastero di Vasco",1743.84,17.4384,2,1319,75.6376731810258
1,4,4127,"Monasterolo Casotto",767.97,7.6797,1,101,13.1515553992995
1,4,4128,"Monasterolo di Savigliano",1491.16,14.9116,2,1357,91.002977547681
1,4,4129,Monchiero,499.04,4.9904,1,558,111.814684193652
1,4,4130,Mondovì,8705.3,87.053,4,22253,255.62588308272
1,4,4131,Monesiglio,1293.32,12.9332,2,712,55.052113939319
1,4,4132,"Monforte d'Alba",2527.48,25.2748,3,2042,80.7919350499312
1,4,4133,Montà,2682.08,26.8208,3,4715,175.796396826344
1,4,4134,"Montaldo di Mondovì",2358,23.58,2,571,24.2154368108567
1,4,4135,"Montaldo Roero",1184.05,11.8405,2,872,73.645538617457
1,4,4136,Montanera,1162.73,11.6273,2,733,63.0412907553774
1,4,4137,"Montelupo Albese",643.04,6.4304,1,531,82.5765115700423
1,4,4138,"Montemale di Cuneo",1110.42,11.1042,2,218,19.6322112353884
1,4,4139,"Monterosso Grana",4222.17,42.2217,3,536,12.6948938578977
1,4,4140,"Monteu Roero",2470.02,24.7002,2,1667,67.4893320701857
1,4,4141,Montezemolo,693.64,6.9364,1,270,38.9250908252119
1,4,4142,"Monticello d'Alba",1023.59,10.2359,2,2216,216.492931740248
1,4,4143,Moretta,2399.37,23.9937,2,4237,176.588021022185
1,4,4144,Morozzo,2219.22,22.1922,2,2115,95.3037553735096
1,4,4145,Murazzano,2767.63,27.6763,3,840,30.3508778268771
1,4,4146,Murello,1732.84,17.3284,2,962,55.5158006509545
1,4,4147,Narzole,2618.3,26.183,3,3532,134.896688691135
1,4,4148,Neive,2130.32,21.3032,2,3341,156.830898644335
1,4,4149,Neviglie,792.63,7.9263,1,425,53.6189647124131
1,4,4150,"Niella Belbo",1151.85,11.5185,2,401,34.8135607935061
1,4,4151,"Niella Tanaro",1570.72,15.7072,2,1035,65.8933482734033
1,4,4152,Novello,1170.57,11.7057,2,1023,87.3933212024911
1,4,4153,Nucetto,780.84,7.8084,1,432,55.3250345781466
1,4,4154,Oncino,4735.99,47.3599,3,82,1.73142257479429
1,4,4155,Ormea,12449.6,124.496,4,1723,13.8398020819946
1,4,4156,Ostana,1408.75,14.0875,2,81,5.74977817213842
1,4,4157,Paesana,5827.02,58.2702,4,2868,49.2189832881988
1,4,4158,Pagno,867.99,8.6799,1,572,65.89937672093
1,4,4159,Pamparato,3451.2,34.512,3,329,9.53291608715809
1,4,4160,Paroldo,1242.51,12.4251,2,228,18.349952917884
1,4,4161,Perletto,989.33,9.8933,1,305,30.8289448414584
1,4,4162,Perlo,1021.45,10.2145,2,126,12.3354055509325
1,4,4163,Peveragno,6791.97,67.9197,4,5481,80.6982362996303
1,4,4164,"Pezzolo Valle Uzzone",2656.97,26.5697,3,354,13.3234473855557
1,4,4165,Pianfei,1531.05,15.3105,2,2222,145.129159726985
1,4,4166,Piasco,1062.15,10.6215,2,2821,265.593371934284
1,4,4167,Pietraporzio,5518.64,55.1864,4,91,1.64895698940319
1,4,4168,"Piobesi d'Alba",403.48,4.0348,1,1248,309.309011599088
1,4,4169,Piozzo,1430.45,14.3045,2,1007,70.3974273829914
1,4,4170,Pocapaglia,1747.77,17.4777,2,3330,190.528502034021
1,4,4171,Polonghera,1031.48,10.3148,2,1193,115.659053011207
1,4,4172,Pontechianale,9492.43,94.9243,4,182,1.91731727281634
1,4,4173,Pradleves,1929.37,19.2937,2,272,14.0978661428342
1,4,4174,Prazzo,5238.59,52.3859,4,175,3.34059355666315
1,4,4175,Priero,2001,20.01,2,487,24.3378310844578
1,4,4176,Priocca,903.08,9.0308,1,2001,221.575054258759
1,4,4177,Priola,2737.43,27.3743,3,719,26.2655118121742
1,4,4178,Prunetto,1436.17,14.3617,2,471,32.7955604141571
1,4,4179,Racconigi,4805.7,48.057,3,10028,208.668872380715
1,4,4180,Revello,5247.08,52.4708,4,4203,80.1016946568377
1,4,4181,Rifreddo,684.37,6.8437,1,1072,156.640413811242
1,4,4182,Rittana,1135.22,11.3522,2,135,11.8919680766724
1,4,4183,Roaschia,2383.71,23.8371,2,138,5.7892948387178
1,4,4184,Roascio,642.13,6.4213,1,83,12.9257315496862
1,4,4185,Robilante,2500.42,25.0042,3,2424,96.9437134561394
1,4,4186,Roburent,2981.09,29.8109,3,513,17.2084707271501
1,4,4187,Roccabruna,2429.92,24.2992,2,1589,65.3930993612959
1,4,4188,"Rocca Cigliè",701.53,7.0153,1,154,21.9520191581258
1,4,4189,"Rocca de' Baldi",2640.27,26.4027,3,1698,64.3116044949948
1,4,4190,"Roccaforte Mondovì",8461.18,84.6118,4,2148,25.3865300111805
1,4,4191,Roccasparvera,1124.09,11.2409,2,737,65.5641452196888
1,4,4192,Roccavione,1914.95,19.1495,2,2876,150.186688947492
1,4,4193,"Rocchetta Belbo",450.77,4.5077,1,181,40.1535150963906
1,4,4194,Roddi,935.32,9.3532,1,1546,165.291023393063
1,4,4195,Roddino,1058.5,10.585,2,377,35.6164383561644
1,4,4196,Rodello,890.05,8.9005,1,1004,112.802651536431
1,4,4197,Rossana,1991.69,19.9169,2,909,45.6396326737595
1,4,4198,Ruffia,750.92,7.5092,1,350,46.6094923560433
1,4,4199,"Sale delle Langhe",1050.53,10.5053,2,525,49.9747746375639
1,4,4200,"Sale San Giovanni",807.44,8.0744,1,178,22.0449816704647
1,4,4201,Saliceto,2432.58,24.3258,2,1382,56.812108954279
1,4,4202,Salmour,1269.62,12.6962,2,706,55.6071895527796
1,4,4203,Saluzzo,7659.14,76.5914,4,16940,221.173656572409
1,4,4204,Sambuco,4613.99,46.1399,3,100,2.16732155899774
1,4,4205,Sampeyre,9890.84,98.9084,4,1069,10.8079799086832
1,4,4206,"San Benedetto Belbo",484.55,4.8455,1,191,39.4180167165411
1,4,4207,"San Damiano Macra",5426.26,54.2626,4,439,8.09028686424904
1,4,4208,Sanfrè,1550.43,15.5043,2,2901,187.109382558387
1,4,4209,Sanfront,3970.94,39.7094,3,2530,63.7128740298267
1,4,4210,"San Michele Mondovì",1811.22,18.1122,2,2034,112.299996687316
1,4,4211,"Sant'Albano Stura",2745.48,27.4548,3,2380,86.6879379926279
1,4,4212,"Santa Vittoria d'Alba",1007.6,10.076,2,2748,272.727272727273
1,4,4213,"Santo Stefano Belbo",2357.25,23.5725,2,4055,172.022483826493
1,4,4214,"Santo Stefano Roero",1311.44,13.1144,2,1407,107.286646739462
1,4,4215,Savigliano,11078.93,110.7893,4,20935,188.962291484828
1,4,4216,Scagnello,938.8,9.388,1,207,22.049424797614
1,4,4217,Scarnafigi,3049.84,30.4984,3,2094,68.6593395063348
1,4,4218,"Serralunga d'Alba",839.09,8.3909,1,524,62.4486050364085
1,4,4219,"Serravalle Langhe",889.97,8.8997,1,323,36.2933582030855
1,4,4220,Sinio,860.13,8.6013,1,516,59.9909316033623
1,4,4221,Somano,1168.5,11.685,2,361,30.8943089430894
1,4,4222,"Sommariva del Bosco",3541.61,35.4161,3,6394,180.539359217983
1,4,4223,"Sommariva Perno",1709.37,17.0937,2,2828,165.441068931829
1,4,4224,Stroppo,2809.61,28.0961,3,107,3.80835774360143
1,4,4225,Tarantasca,1220.18,12.2018,2,2009,164.647838843449
1,4,4226,"Torre Bormida",718.3,7.183,1,211,29.3749129890018
1,4,4227,"Torre Mondovì",1853.79,18.5379,2,494,26.6481100879819
1,4,4228,"Torre San Giorgio",539.02,5.3902,1,709,131.535007977441
1,4,4229,Torresina,382.26,3.8226,1,65,17.0041333124052
1,4,4230,Treiso,959.58,9.5958,1,820,85.4540528147731
1,4,4231,"Trezzo Tinella",1052.55,10.5255,2,341,32.3975108070875
1,4,4232,Trinità,2833.71,28.3371,3,2188,77.213264589531
1,4,4233,Valdieri,15331.5,153.315,4,924,6.026807553077
1,4,4234,Valgrana,2310.2,23.102,2,817,35.3649034715609
1,4,4235,Valloriate,1695.62,16.9562,2,121,7.13603283754615
1,4,4236,Valmala,1092.02,10.9202,2,64,5.86069852200509
1,4,4237,Venasca,2039.41,20.3941,2,1472,72.1777376790346
1,4,4238,Verduno,715.72,7.1572,1,577,80.6181188174146
1,4,4239,Vernante,6205.72,62.0572,4,1217,19.6109395847702
1,4,4240,Verzuolo,2613.24,26.1324,3,6409,245.251105906844
1,4,4241,"Vezza d'Alba",1406.9,14.069,2,2206,156.798635297463
1,4,4242,Vicoforte,2573.67,25.7367,3,3167,123.053849172582
1,4,4243,Vignolo,794.18,7.9418,1,2487,313.153189453273
1,4,4244,Villafalletto,2973.29,29.7329,3,2899,97.501420984835
1,4,4245,"Villanova Mondovì",2828.82,28.2882,3,5769,203.936623751246
1,4,4246,"Villanova Solaro",1478.86,14.7886,2,777,52.5404703623061
1,4,4247,"Villar San Costanzo",1949.61,19.4961,2,1502,77.0410492354881
1,4,4248,Vinadio,18317.2,183.172,4,684,3.73419518266984
1,4,4249,Viola,2106.76,21.0676,2,425,20.1731568854544
1,4,4250,Vottignasco,809.02,8.0902,1,547,67.6126671775729
1,5,5001,"Agliano Terme",1544.87,15.4487,2,1673,108.293901752251
1,5,5002,Albugnano,954,9.54,1,541,56.7085953878407
1,5,5003,Antignano,1086.1,10.861,2,1025,94.374367001197
1,5,5004,Aramengo,1141.26,11.4126,2,632,55.3773899023886
1,5,5005,Asti,15131.36,151.3136,4,73899,488.383066690635
1,5,5006,"Azzano d'Asti",643.42,6.4342,1,419,65.1207609337602
1,5,5007,"Baldichieri d'Asti",506.61,5.0661,1,1114,219.893014350289
1,5,5008,Belveglio,527.97,5.2797,1,326,61.7459325340455
1,5,5009,"Berzano di San Pietro",734.31,7.3431,1,431,58.6945567948142
1,5,5010,Bruno,890.09,8.9009,1,351,39.434214517633
1,5,5011,Bubbio,1576.23,15.7623,2,912,57.8595763308654
1,5,5012,"Buttigliera d'Asti",1916.11,19.1611,2,2552,133.186508081478
1,5,5013,Calamandrana,1278.86,12.7886,2,1784,139.499241511972
1,5,5014,Calliano,1729.33,17.2933,2,1392,80.4936015682374
1,5,5015,Calosso,1571.51,15.7151,2,1331,84.6956112274182
1,5,5016,"Camerano Casasco",689.24,6.8924,1,480,69.641924438512
1,5,5017,Canelli,2343.3,23.433,2,10569,451.030597874792
1,5,5018,Cantarana,972.15,9.7215,1,1023,105.230674278661
1,5,5019,Capriglio,505.66,5.0566,1,300,59.3284024838824
1,5,5020,Casorzo,1264.82,12.6482,2,657,51.9441501557534
1,5,5021,Cassinasco,1183.93,11.8393,2,590,49.8340273495899
1,5,5022,"Castagnole delle Lanze",2156.51,21.5651,2,3784,175.468697107827
1,5,5023,"Castagnole Monferrato",1733.76,17.3376,2,1271,73.3088778146918
1,5,5024,"Castel Boglione",1186.24,11.8624,2,614,51.7601834367413
1,5,5025,Castell'Alfero,2008.84,20.0884,2,2750,136.894924434002
1,5,5026,Castellero,428.83,4.2883,1,302,70.4241774129609
1,5,5027,"Castelletto Molina",306.63,3.0663,1,184,60.0071747708965
1,5,5028,"Castello di Annone",2317.89,23.1789,2,1928,83.1790982315813
1,5,5029,"Castelnuovo Belbo",955,9.55,1,895,93.717277486911
1,5,5030,"Castelnuovo Calcea",820.41,8.2041,1,765,93.2460598968808
1,5,5031,"Castelnuovo Don Bosco",2160.71,21.6071,2,3260,150.876332316692
1,5,5032,"Castel Rocchero",562.74,5.6274,1,396,70.3699754771298
1,5,5033,Cellarengo,1084.78,10.8478,2,714,65.8197975626394
1,5,5034,"Celle Enomondo",559.29,5.5929,1,480,85.8230971410181
1,5,5035,"Cerreto d'Asti",481.87,4.8187,1,220,45.6554672422023
1,5,5036,"Cerro Tanaro",465.29,4.6529,1,670,143.996217412796
1,5,5037,Cessole,1177.8,11.778,2,420,35.6597045338767
1,5,5038,"Chiusano d'Asti",241.71,2.4171,1,226,93.5004757767573
1,5,5039,Cinaglio,550.46,5.5046,1,455,82.6581404643389
1,5,5040,"Cisterna d'Asti",1073.28,10.7328,2,1286,119.81961836613
1,5,5041,Coazzolo,404.89,4.0489,1,316,78.0458890068908
1,5,5042,Cocconato,1652.28,16.5228,2,1564,94.6570799138161
1,5,5044,Corsione,508.25,5.0825,1,205,40.3344810624693
1,5,5045,Cortandone,502.32,5.0232,1,323,64.3016403885969
1,5,5046,Cortanze,447.66,4.4766,1,288,64.3345396059509
1,5,5047,Cortazzone,1033.34,10.3334,2,657,63.580234966226
1,5,5048,Cortiglione,842.55,8.4255,1,576,68.3638953177853
1,5,5049,Cossombrato,539.88,5.3988,1,541,100.207453508187
1,5,5050,"Costigliole d'Asti",3694.38,36.9438,3,5969,161.569735652532
1,5,5051,Cunico,675.32,6.7532,1,528,78.1851566664692
1,5,5052,"Dusino San Michele",1192.52,11.9252,2,1044,87.5457015395968
1,5,5053,Ferrere,1392.72,13.9272,2,1602,115.026710322247
1,5,5054,Fontanile,813.01,8.1301,1,566,69.6178398789683
1,5,5055,Frinco,721.69,7.2169,1,731,101.290027574166
1,5,5056,Grana,588.84,5.8884,1,622,105.631410909585
1,5,5057,"Grazzano Badoglio",1047.23,10.4723,2,618,59.0128243079362
1,5,5058,"Incisa Scapaccino",2070.4,20.704,2,2276,109.930448222566
1,5,5059,"Isola d'Asti",1350.28,13.5028,2,2121,157.078531860059
1,5,5060,Loazzolo,1482.21,14.8221,2,337,22.7363194149277
1,5,5061,Maranzana,437.4,4.374,1,307,70.1874714220393
1,5,5062,Maretto,492.52,4.9252,1,405,82.2301632421018
1,5,5063,Moasca,415.52,4.1552,1,470,113.111282248749
1,5,5064,Mombaldone,1195.89,11.9589,2,221,18.479960531487
1,5,5065,Mombaruzzo,2239.74,22.3974,2,1153,51.4791895487869
1,5,5066,Mombercelli,1423.23,14.2323,2,2343,164.625534874897
1,5,5067,Monale,911.05,9.1105,1,1026,112.617309697602
1,5,5068,"Monastero Bormida",1420.6,14.206,2,1006,70.8151485287907
1,5,5069,Moncalvo,1742.13,17.4213,2,3184,182.764776451815
1,5,5070,"Moncucco Torinese",1432.94,14.3294,2,878,61.2726283026505
1,5,5071,Mongardino,685.51,6.8551,1,951,138.728829630494
1,5,5072,Montabone,853.75,8.5375,1,347,40.6442166910688
1,5,5073,Montafia,1449.72,14.4972,2,904,62.3568689126176
1,5,5074,"Montaldo Scarampi",663.49,6.6349,1,788,118.765919606927
1,5,5075,"Montechiaro d'Asti",1014.09,10.1409,2,1380,136.08259621927
1,5,5076,"Montegrosso d'Asti",1541.94,15.4194,2,2264,146.828021842614
1,5,5077,Montemagno,1609.78,16.0978,2,1162,72.1837766651344
1,5,5079,Moransengo,540.54,5.4054,1,212,39.2200392200392
1,5,5080,"Nizza Monferrato",3036.36,30.3636,3,10372,341.593223464938
1,5,5081,"Olmo Gentile",561.71,5.6171,1,90,16.0225027149241
1,5,5082,"Passerano Marmorito",1202.62,12.0262,2,443,36.8362408740916
1,5,5083,Penango,956.32,9.5632,1,516,53.9568345323741
1,5,5084,Piea,900.14,9.0014,1,612,67.9894238673984
1,5,5085,"Pino d'Asti",408.21,4.0821,1,221,54.1388011072732
1,5,5086,"Piovà Massaia",1014.44,10.1444,2,680,67.0320570955404
1,5,5087,Portacomaro,1100.37,11.0037,2,1976,179.575960813181
1,5,5088,Quaranti,285.83,2.8583,1,184,64.3739285589336
1,5,5089,Refrancore,1320.51,13.2051,2,1669,126.390561222558
1,5,5090,"Revigliasco d'Asti",883.51,8.8351,1,833,94.2830301864155
1,5,5091,Roatto,641.72,6.4172,1,374,58.2808701614411
1,5,5092,Robella,1218.07,12.1807,2,504,41.3769323602092
1,5,5093,"Rocca d'Arazzo",1256.33,12.5633,2,944,75.1394936043874
1,5,5094,Roccaverano,2998.32,29.9832,3,447,14.9083486752581
1,5,5095,"Rocchetta Palafea",783.78,7.8378,1,347,44.2726275230294
1,5,5096,"Rocchetta Tanaro",1591.11,15.9111,2,1437,90.3143088787073
1,5,5097,"San Damiano d'Asti",4786.63,47.8663,3,8373,174.924738281421
1,5,5098,"San Giorgio Scarampi",614.78,6.1478,1,131,21.308435537916
1,5,5099,"San Martino Alfieri",720.95,7.2095,1,712,98.7585824259657
1,5,5100,"San Marzano Oliveto",968.39,9.6839,1,1067,110.182880864115
1,5,5101,"San Paolo Solbrito",1186.93,11.8693,2,1197,100.848407235473
1,5,5103,Scurzolengo,534.27,5.3427,1,596,111.554083141483
1,5,5104,Serole,1232.81,12.3281,2,142,11.5184010512569
1,5,5105,Sessame,844.72,8.4472,1,284,33.6206080121224
1,5,5106,Settime,668.05,6.6805,1,581,86.969538208218
1,5,5107,Soglio,328,3.28,1,160,48.780487804878
1,5,5108,Tigliole,1611.75,16.1175,2,1734,107.584923220102
1,5,5109,Tonco,1178.35,11.7835,2,899,76.2931217380235
1,5,5110,Tonengo,559.53,5.5953,1,197,35.2081211016389
1,5,5111,"Vaglio Serra",476,4.76,1,284,59.6638655462185
1,5,5112,Valfenera,2203.86,22.0386,2,2519,114.299456408302
1,5,5113,Vesime,1316.57,13.1657,2,661,50.2062176716772
1,5,5114,Viale,397.54,3.9754,1,261,65.6537706897419
1,5,5115,Viarigi,1362.21,13.6221,2,955,70.1066649048238
1,5,5116,"Vigliano d'Asti",665.31,6.6531,1,887,133.321308863537
1,5,5117,"Villafranca d'Asti",1288,12.88,2,3250,252.329192546584
1,5,5118,"Villanova d'Asti",4194.86,41.9486,3,5774,137.644641299114
1,5,5119,"Villa San Secondo",612.69,6.1269,1,410,66.9180172681127
1,5,5120,Vinchio,928.64,9.2864,1,657,70.7486216402481
1,5,5121,"Montiglio Monferrato",2686.28,26.8628,3,1687,62.8006015754128
1,6,6001,"Acqui Terme",3329.73,33.2973,3,20054,602.271055010466
1,6,6002,"Albera Ligure",2123.01,21.2301,2,329,15.4968652997395
1,6,6003,Alessandria,20356.87,203.5687,4,89411,439.217816884423
1,6,6004,"Alfiano Natta",1315.9,13.159,2,754,57.2991868683031
1,6,6005,"Alice Bel Colle",1221.36,12.2136,2,774,63.3719787777559
1,6,6006,"Alluvioni Cambiò",913.83,9.1383,1,961,105.161791580491
1,6,6007,"Altavilla Monferrato",1132.82,11.3282,2,497,43.8728129799968
1,6,6008,"Alzano Scrivia",212.7,2.127,1,380,178.655383168782
1,6,6009,"Arquata Scrivia",2924.34,29.2434,3,6068,207.499811923374
1,6,6010,Avolasca,1223.77,12.2377,2,306,25.0046985953243
1,6,6011,Balzola,1662,16.62,2,1420,85.439229843562
1,6,6012,Basaluzzo,1505.28,15.0528,2,2071,137.58237670068
1,6,6013,Bassignana,2871.22,28.7122,3,1742,60.6710736202729
1,6,6014,"Belforte Monferrato",832.6,8.326,1,505,60.6533749699736
1,6,6015,Bergamasco,1343.99,13.4399,2,765,56.9200663695414
1,6,6016,"Berzano di Tortona",288.74,2.8874,1,171,59.2228302278867
1,6,6017,Bistagno,1759.39,17.5939,2,1930,109.697110930493
1,6,6018,"Borghetto di Borbera",3939.83,39.3983,3,1991,50.5351753755873
1,6,6019,"Borgoratto Alessandrino",660.35,6.6035,1,617,93.4352994624063
1,6,6020,"Borgo San Martino",972.32,9.7232,1,1470,151.184795129176
1,6,6021,"Bosco Marengo",4453.03,44.5303,3,2531,56.8377037657505
1,6,6022,Bosio,6761.48,67.6148,4,1240,18.3391801794873
1,6,6023,Bozzole,902.37,9.0237,1,331,36.6811839932622
1,6,6024,Brignano-Frascata,1752.81,17.5281,2,451,25.730113360832
1,6,6025,"Cabella Ligure",4663.37,46.6337,3,554,11.8798208162766
1,6,6026,"Camagna Monferrato",924.95,9.2495,1,510,55.1381155738148
1,6,6027,Camino,1843.79,18.4379,2,802,43.4973614131761
1,6,6028,"Cantalupo Ligure",2406.23,24.0623,2,549,22.8157740531869
1,6,6029,"Capriata d'Orba",2846.67,28.4667,3,1926,67.6580004004679
1,6,6030,"Carbonara Scrivia",505.27,5.0527,1,1055,208.79925584341
1,6,6031,Carentino,978.94,9.7894,1,325,33.1991746174434
1,6,6032,Carezzano,1048.34,10.4834,2,444,42.3526718431043
1,6,6033,Carpeneto,1333.96,13.3396,2,991,74.2900836606795
1,6,6034,"Carrega Ligure",5525.65,55.2565,4,83,1.50208572747098
1,6,6035,Carrosio,692.34,6.9234,1,481,69.4745356327816
1,6,6036,Cartosio,1634.15,16.3415,2,811,49.6282471009393
1,6,6037,"Casal Cermelli",1216.37,12.1637,2,1235,101.531606336888
1,6,6038,"Casaleggio Boiro",1201.05,12.0105,2,401,33.3874526456018
1,6,6039,"Casale Monferrato",8621.09,86.2109,4,34812,403.800447507218
1,6,6040,Casalnoceto,1298.43,12.9843,2,1015,78.1713299908351
1,6,6041,Casasco,903.74,9.0374,1,124,13.720760395689
1,6,6042,"Cassano Spinola",1384.68,13.8468,2,1793,129.488401652367
1,6,6043,Cassine,3309.3,33.093,3,3048,92.1040703472033
1,6,6044,Cassinelle,2377.25,23.7725,2,937,39.4152907771585
1,6,6045,Castellania,720.9,7.209,1,91,12.6231100013872
1,6,6046,"Castellar Guidobono",248.29,2.4829,1,427,171.976318015224
1,6,6047,"Castellazzo Bormida",4512.9,45.129,3,4566,101.176627002593
1,6,6048,"Castelletto d'Erro",466.01,4.6601,1,150,32.1881504688741
1,6,6049,"Castelletto d'Orba",1397.72,13.9772,2,2096,149.958503849126
1,6,6050,"Castelletto Merli",1159.09,11.5909,2,484,41.7568954956043
1,6,6051,"Castelletto Monferrato",957.77,9.5777,1,1558,162.669534439375
1,6,6052,"Castelnuovo Bormida",1311.09,13.1109,2,680,51.8652418979628
1,6,6053,"Castelnuovo Scrivia",4542.2,45.422,3,5414,119.193342433182
1,6,6054,Castelspina,548.72,5.4872,1,422,76.9062545560577
1,6,6055,Cavatore,1044.68,10.4468,2,301,28.8126507638703
1,6,6056,"Cella Monte",555.25,5.5525,1,528,95.092300765421
1,6,6057,Cereseto,1044.28,10.4428,2,457,43.7622093691347
1,6,6058,"Cerreto Grue",474.7,4.747,1,325,68.4642932378344
1,6,6059,"Cerrina Monferrato",1730.11,17.3011,2,1495,86.4106906497275
1,6,6060,Coniolo,1030.04,10.3004,2,451,43.7847073900043
1,6,6061,Conzano,1161.18,11.6118,2,1015,87.4110818305517
1,6,6062,"Costa Vescovato",789.98,7.8998,1,357,45.1910174941138
1,6,6063,Cremolino,1438.76,14.3876,2,1062,73.8135616781117
1,6,6064,"Cuccaro Monferrato",521.92,5.2192,1,339,64.9524831391784
1,6,6065,Denice,746.23,7.4623,1,190,25.4613188963188
1,6,6066,Dernice,1827.66,18.2766,2,210,11.4901020977644
1,6,6067,"Fabbrica Curone",5384.29,53.8429,4,695,12.9079228644817
1,6,6068,Felizzano,2501.42,25.0142,3,2421,96.7850261051722
1,6,6069,Fraconalto,1761.78,17.6178,2,352,19.9797931637321
1,6,6070,"Francavilla Bisio",775.16,7.7516,1,518,66.8249135662315
1,6,6071,Frascaro,528.62,5.2862,1,446,84.3706254019901
1,6,6072,"Frassinello Monferrato",843.11,8.4311,1,533,63.2183226388016
1,6,6073,"Frassineto Po",2956.53,29.5653,3,1471,49.7542727454144
1,6,6074,Fresonara,693.37,6.9337,1,739,106.58090197153
1,6,6075,Frugarolo,2705.79,27.0579,3,2012,74.3590596461662
1,6,6076,Fubine,2553.37,25.5337,3,1657,64.8946294504909
1,6,6077,Gabiano,1776.86,17.7686,2,1212,68.2102135227311
1,6,6078,Gamalero,1215.45,12.1545,2,847,69.686124480645
1,6,6079,Garbagna,2071.68,20.7168,2,707,34.1268921841211
1,6,6080,Gavazzana,327.98,3.2798,1,172,52.4422220867126
1,6,6081,Gavi,4504.39,45.0439,3,4707,104.498056340592
1,6,6082,Giarole,544.95,5.4495,1,720,132.122213047069
1,6,6083,Gremiasco,1738.35,17.3835,2,344,19.7888802600167
1,6,6084,Grognardo,908.03,9.0803,1,296,32.5980419149147
1,6,6085,Grondona,2594.33,25.9433,3,545,21.007350645446
1,6,6086,Guazzora,280.22,2.8022,1,313,111.69795160945
1,6,6087,"Isola Sant'Antonio",2354.88,23.5488,2,734,31.1693164832178
1,6,6088,Lerma,1453.61,14.5361,2,873,60.0573743989103
1,6,6089,Lu,2187.62,21.8762,2,1181,53.9856099322552
1,6,6090,Malvicino,903.51,9.0351,1,84,9.29707474184016
1,6,6091,Masio,2223.22,22.2322,2,1465,65.8954129595812
1,6,6092,Melazzo,1973.78,19.7378,2,1315,66.6234332093749
1,6,6093,Merana,919.99,9.1999,1,185,20.1089142273286
1,6,6094,"Mirabello Monferrato",1323.59,13.2359,2,1401,105.84848782478
1,6,6095,Molare,3250.45,32.5045,3,2269,69.8057192081097
1,6,6096,"Molino dei Torti",275.28,2.7528,1,653,237.213019471084
1,6,6097,"Mombello Monferrato",1969.44,19.6944,2,1087,55.193354456089
1,6,6098,Momperone,853.9,8.539,1,219,25.6470312682984
1,6,6099,Moncestino,651.86,6.5186,1,228,34.9768355168288
1,6,6100,"Mongiardino Ligure",2903.33,29.0333,3,177,6.09644787192637
1,6,6101,Monleale,961.77,9.6177,1,593,61.6571529575678
1,6,6102,Montacuto,2374.76,23.7476,2,306,12.8855126412774
1,6,6103,Montaldeo,537.57,5.3757,1,291,54.1324850717116
1,6,6104,"Montaldo Bormida",572.41,5.7241,1,708,123.687566604357
1,6,6105,Montecastello,748.68,7.4868,1,324,43.276166052252
1,6,6106,"Montechiaro d'Acqui",1759.85,17.5985,2,568,32.2754780236952
1,6,6107,Montegioco,545.14,5.4514,1,326,59.801151997652
1,6,6108,Montemarzino,985.17,9.8517,1,341,34.6133154683963
1,6,6109,"Morano sul Po",1770.52,17.7052,2,1511,85.3421593656101
1,6,6110,Morbello,2395.28,23.9528,2,408,17.0334992151231
1,6,6111,Mornese,1321.99,13.2199,2,726,54.9172081483218
1,6,6112,Morsasco,1029.44,10.2944,2,712,69.1638172210134
1,6,6113,Murisengo,1531.07,15.3107,2,1450,94.7050102216097
1,6,6114,"Novi Ligure",5519.56,55.1956,4,27682,501.525483915384
1,6,6115,Occimiano,2246.32,22.4632,2,1367,60.8550874318886
1,6,6116,"Odalengo Grande",1542.81,15.4281,2,487,31.5657793247386
1,6,6117,"Odalengo Piccolo",757.09,7.5709,1,270,35.6628670303399
1,6,6118,Olivola,269.08,2.6908,1,123,45.7113126207819
1,6,6119,"Orsara Bormida",509.97,5.0997,1,406,79.612526227033
1,6,6120,Ottiglio,1454.36,14.5436,2,672,46.2058912511345
1,6,6121,Ovada,3537.29,35.3729,3,11685,330.337631350554
1,6,6122,Oviglio,2736.7,27.367,3,1319,48.1967332919209
1,6,6123,"Ozzano Monferrato",1518.36,15.1836,2,1506,99.1859638030507
1,6,6124,Paderna,441.99,4.4199,1,231,52.2636258738886
1,6,6125,Pareto,4173.81,41.7381,3,602,14.4232727412125
1,6,6126,"Parodi Ligure",1253.67,12.5367,2,710,56.6337233881324
1,6,6127,Pasturana,528.12,5.2812,1,1256,237.824736802242
1,6,6128,"Pecetto di Valenza",1135.48,11.3548,2,1233,108.588438369676
1,6,6129,"Pietra Marazzi",799.74,7.9974,1,900,112.536574386676
1,6,6130,Piovera,1564.57,15.6457,2,830,53.0497197313
1,6,6131,"Pomaro Monferrato",1344.29,13.4429,2,390,29.0115972000089
1,6,6132,Pontecurone,2970.25,29.7025,3,3850,129.61871896305
1,6,6133,Pontestura,1891.8,18.918,2,1508,79.7124431758114
1,6,6134,Ponti,1196.81,11.9681,2,618,51.6372690736207
1,6,6135,"Ponzano Monferrato",1164.97,11.6497,2,380,32.6188657218641
1,6,6136,Ponzone,6902.94,69.0294,4,1071,15.5151283366218
1,6,6137,"Pozzol Groppo",1408.47,14.0847,2,365,25.9146449693639
1,6,6138,"Pozzolo Formigaro",3617.71,36.1771,3,4910,135.7212159073
1,6,6139,Prasco,597.25,5.9725,1,552,92.4236082042696
1,6,6140,Predosa,3300.76,33.0076,3,2092,63.3793429392019
1,6,6141,Quargnento,3616.56,36.1656,3,1397,38.6278673656735
1,6,6142,Quattordio,1773.4,17.734,2,1668,94.056614412992
1,6,6143,Ricaldone,1051.55,10.5155,2,675,64.1909562075032
1,6,6144,"Rivalta Bormida",1005.18,10.0518,2,1417,140.969776557433
1,6,6145,Rivarone,607.35,6.0735,1,363,59.7678439120771
1,6,6146,"Roccaforte Ligure",2058.92,20.5892,2,154,7.47964952499369
1,6,6147,"Rocca Grimalda",1546.14,15.4614,2,1495,96.6924081907201
1,6,6148,"Rocchetta Ligure",1015.45,10.1545,2,210,20.6804864838249
1,6,6149,"Rosignano Monferrato",1928.02,19.2802,2,1641,85.113224966546
1,6,6150,"Sala Monferrato",757.55,7.5755,1,377,49.7656920335291
1,6,6151,Sale,4491.63,44.9163,3,4218,93.9080022174578
1,6,6152,"San Cristoforo",357.07,3.5707,1,607,169.994678914499
1,6,6153,"San Giorgio Monferrato",711.57,7.1157,1,1279,179.743384347288
1,6,6154,"San Salvatore Monferrato",3169.21,31.6921,3,4449,140.381987940212
1,6,6155,"San Sebastiano Curone",389.25,3.8925,1,591,151.830443159923
1,6,6156,"Sant'Agata Fossili",770.67,7.7067,1,441,57.2229358869555
1,6,6157,Sardigliano,1274.32,12.7432,2,452,35.4698976709147
1,6,6158,Sarezzano,1385.34,13.8534,2,1193,86.1160437149003
1,6,6159,"Serralunga di Crea",884.27,8.8427,1,579,65.4777386997184
1,6,6160,"Serravalle Scrivia",1594.9,15.949,2,6322,396.388488306477
1,6,6161,Sezzadio,3432,34.32,3,1294,37.7039627039627
1,6,6162,"Silvano d'Orba",1216.83,12.1683,2,2056,168.963618582711
1,6,6163,Solero,2255.42,22.5542,2,1660,73.6004823935232
1,6,6164,Solonghello,495.34,4.9534,1,221,44.6158194371543
1,6,6165,"Spigno Monferrato",5485.53,54.8553,4,1126,20.5267312365441
1,6,6166,"Spineto Scrivia",395.42,3.9542,1,332,83.9613575438774
1,6,6167,Stazzano,1791.34,17.9134,2,2425,135.373519264908
1,6,6168,Strevi,1528.91,15.2891,2,2039,133.362984086702
1,6,6169,"Tagliolo Monferrato",2621.15,26.2115,3,1606,61.2708162447781
1,6,6170,Tassarolo,703.51,7.0351,1,636,90.4038322127617
1,6,6171,Terruggia,726.65,7.2665,1,901,123.993669579578
1,6,6172,Terzo,879.61,8.7961,1,907,103.113880015007
1,6,6173,Ticineto,808.95,8.0895,1,1424,176.030657024538
1,6,6174,Tortona,9886.81,98.8681,4,25986,262.835029701188
1,6,6175,Treville,460.32,4.6032,1,271,58.872088981578
1,6,6176,Trisobbio,921.93,9.2193,1,671,72.7820984239584
1,6,6177,Valenza,4849.47,48.4947,3,19671,405.63195565701
1,6,6178,Valmacca,1229.39,12.2939,2,1055,85.8149163406242
1,6,6179,"Vignale Monferrato",1872.61,18.7261,2,1068,57.032697678641
1,6,6180,"Vignole Borbera",864.57,8.6457,1,2245,259.666655100223
1,6,6181,Viguzzolo,1830.75,18.3075,2,3209,175.283353816742
1,6,6182,Villadeati,1460.93,14.6093,2,523,35.7991142628326
1,6,6183,Villalvernia,447.45,4.4745,1,966,215.890043580288
1,6,6184,Villamiroglio,986.89,9.8689,1,332,33.641033955152
1,6,6185,"Villanova Monferrato",1655.65,16.5565,2,1849,111.67819285477
1,6,6186,Villaromagnano,606.73,6.0673,1,700,115.372570995336
1,6,6187,Visone,1256.19,12.5619,2,1257,100.064480691615
1,6,6188,Volpedo,1048.3,10.483,2,1212,115.615758847658
1,6,6189,Volpeglino,324.58,3.2458,1,160,49.2944728572309
1,6,6190,Voltaggio,5218.35,52.1835,4,759,14.5448273879675
1,96,96001,Ailoche,1078.28,10.7828,2,330,30.604295730237
1,96,96002,"Andorno Micca",1188.8,11.888,2,3407,286.591520861373
1,96,96003,Benna,938.91,9.3891,1,1190,126.742712294043
1,96,96004,Biella,4668.93,46.6893,3,43818,938.501969401983
1,96,96005,Bioglio,1884.55,18.8455,2,986,52.3201825369452
1,96,96006,Borriana,534.52,5.3452,1,880,164.633690039662
1,96,96007,Brusnengo,1045.34,10.4534,2,2168,207.396636501043
1,96,96008,Callabiana,655.71,6.5571,1,149,22.7234600661878
1,96,96009,Camandona,920.03,9.2003,1,359,39.0204667239112
1,96,96010,Camburzano,380.25,3.8025,1,1227,322.682445759369
1,96,96011,"Campiglia Cervo",1151.41,11.5141,2,172,14.9382061993556
1,96,96012,Candelo,1512.12,15.1212,2,7952,525.884189085522
1,96,96013,Caprile,1159.56,11.5956,2,206,17.7653592742075
1,96,96014,Casapinta,286.09,2.8609,1,454,158.691320912999
1,96,96015,"Castelletto Cervo",1490.23,14.9023,2,880,59.0512873851687
1,96,96016,Cavaglià,2562.51,25.6251,3,3625,141.462862583951
1,96,96017,"Cerreto Castello",257.18,2.5718,1,628,244.186950773777
1,96,96018,Cerrione,2798.8,27.988,3,2894,103.401457767615
1,96,96019,Coggiola,2378.23,23.7823,2,1996,83.9279632331608
1,96,96020,Cossato,2773.42,27.7342,3,14810,533.997735647684
1,96,96021,Crevacuore,860.07,8.6007,1,1610,187.194065599312
1,96,96022,Crosa,100.96,1.0096,1,344,340.729001584786
1,96,96023,Curino,2164.95,21.6495,2,453,20.924270768378
1,96,96024,Donato,1206.95,12.0695,2,719,59.5716475413232
1,96,96025,Dorzano,474.16,4.7416,1,508,107.1368314493
1,96,96026,Gaglianico,449.85,4.4985,1,3899,866.733355562965
1,96,96027,Gifflenga,225.59,2.2559,1,130,57.6266678487522
1,96,96028,Graglia,2014,20.14,2,1588,78.8480635551142
1,96,96029,Lessona,1176.55,11.7655,2,2491,211.720708852152
1,96,96030,Magnano,1055.61,10.5561,2,378,35.8086793418024
1,96,96031,Massazza,1160.96,11.6096,2,542,46.6855016538037
1,96,96032,Masserano,2707.36,27.0736,3,2202,81.3338455174044
1,96,96033,"Mezzana Mortigliengo",430.93,4.3093,1,561,130.183556494094
1,96,96034,Miagliano,66.78,0.6678,1,638,955.375861036238
1,96,96035,Mongrando,1650.28,16.5028,2,3977,240.98940785806
1,96,96037,Mottalciata,1839.12,18.3912,2,1431,77.8089521075297
1,96,96038,Muzzano,609.74,6.0974,1,614,100.698658444583
1,96,96039,Netro,1256.85,12.5685,2,1015,80.7574491785018
1,96,96040,"Occhieppo Inferiore",406.45,4.0645,1,3980,979.21023496125
1,96,96041,"Occhieppo Superiore",515.04,5.1504,1,2821,547.724448586518
1,96,96042,Pettinengo,1315.76,13.1576,2,1524,115.826594515717
1,96,96043,Piatto,359.13,3.5913,1,547,152.312533066021
1,96,96044,Piedicavallo,1775.06,17.7506,2,203,11.4362331414149
1,96,96046,Pollone,1621.7,16.217,2,2153,132.761916507369
1,96,96047,Ponderano,705.2,7.052,1,3927,556.863301191151
1,96,96048,Portula,1130.51,11.3051,2,1365,120.741966015338
1,96,96049,Pralungo,724.98,7.2498,1,2639,364.010041656322
1,96,96050,Pray,918.47,9.1847,1,2307,251.178590481997
1,96,96051,Quaregna,584.43,5.8443,1,1390,237.838577759526
1,96,96052,Quittengo,802.85,8.0285,1,214,26.6550414149592
1,96,96053,"Ronco Biellese",384.93,3.8493,1,1514,393.318265658691
1,96,96054,Roppolo,865.13,8.6513,1,921,106.457988972756
1,96,96055,Rosazza,902.32,9.0232,1,87,9.64181221739516
1,96,96056,"Sagliano Micca",1461.24,14.6124,2,1654,113.191535955764
1,96,96057,"Sala Biellese",802.99,8.0299,1,627,78.0831641739001
1,96,96058,Salussola,3851.57,38.5157,3,2015,52.3163281467038
1,96,96059,Sandigliano,1022.25,10.2225,2,2762,270.188310100269
1,96,96060,"San Paolo Cervo",866.31,8.6631,1,142,16.3913610601286
1,96,96061,"Selve Marcone",214.01,2.1401,1,100,46.7267884678286
1,96,96062,Soprana,533.13,5.3313,1,754,141.428919775664
1,96,96063,Sordevolo,1373.84,13.7384,2,1330,96.8089442729867
1,96,96064,Sostegno,1806.73,18.0673,2,751,41.5668085436119
1,96,96065,Strona,371.87,3.7187,1,1157,311.130233683814
1,96,96066,Tavigliano,1123.56,11.2356,2,960,85.4426999893197
1,96,96067,Ternengo,198,1.98,1,298,150.505050505051
1,96,96068,Tollegno,331.44,3.3144,1,2645,798.03282645426
1,96,96069,Torrazzo,577.13,5.7713,1,224,38.8127458284962
1,96,96070,Trivero,2947.13,29.4713,3,6144,208.474006915202
1,96,96071,Valdengo,767.69,7.6769,1,2532,329.820630723339
1,96,96072,Vallanzengo,466.54,4.6654,1,239,51.2281905088524
1,96,96073,"Valle Mosso",910.46,9.1046,1,3526,387.276761197636
1,96,96074,"Valle San Nicolao",1325.74,13.2574,2,1086,81.9165145503643
1,96,96075,Veglio,640.59,6.4059,1,566,88.3560467693845
1,96,96076,Verrone,858.61,8.5861,1,1253,145.933543750946
1,96,96077,"Vigliano Biellese",839.79,8.3979,1,8180,974.053037068791
1,96,96078,"Villa del Bosco",369.91,3.6991,1,363,98.1319780487145
1,96,96079,"Villanova Biellese",787.32,7.8732,1,190,24.1325001270132
1,96,96080,Viverone,1226.12,12.2612,2,1423,116.057155906437
1,96,96081,Zimone,294.95,2.9495,1,425,144.092219020173
1,96,96082,Zubiena,1247.38,12.4738,2,1251,100.290208276548
1,96,96083,Zumaglia,261.37,2.6137,1,1129,431.954700233386
1,96,96084,Mosso,1723.18,17.2318,2,1643,95.3469747791873
1,103,103001,"Antrona Schieranco",10018.29,100.1829,4,467,4.66147416375449
1,103,103002,"Anzola d'Ossola",1365.71,13.6571,2,448,32.8034502200321
1,103,103003,Arizzano,159.95,1.5995,1,2040,1275.39856205064
1,103,103004,Arola,661.27,6.6127,1,250,37.8060398929333
1,103,103005,Aurano,2115.66,21.1566,2,103,4.8684571244907
1,103,103006,Baceno,7727.46,77.2746,4,922,11.9314755430633
1,103,103007,"Bannio Anzino",3946.62,39.4662,3,518,13.1251551960918
1,103,103008,Baveno,1710.05,17.1005,2,4917,287.535452179761
1,103,103009,Bee,350.46,3.5046,1,729,208.012326656394
1,103,103010,Belgirate,712.72,7.1272,1,546,76.6079245706589
1,103,103011,Beura-Cardezza,2855.19,28.5519,3,1437,50.3294001449991
1,103,103012,Bognanco,5799.56,57.9956,4,230,3.96581809654525
1,103,103013,Brovello-Carpugnino,822.35,8.2235,1,721,87.6755639326321
1,103,103014,Calasca-Castiglione,5706.84,57.0684,4,681,11.9330487625376
1,103,103015,Cambiasca,396.45,3.9645,1,1646,415.184764787489
1,103,103016,"Cannero Riviera",1441.87,14.4187,2,973,67.4818118138251
1,103,103017,Cannobio,5253.43,52.5343,4,4992,95.0236321793571
1,103,103018,Caprezzo,725.66,7.2566,1,168,23.1513380922195
1,103,103019,"Casale Corte Cerro",1252.29,12.5229,2,3476,277.571489032093
1,103,103020,Cavaglio-Spoccia,1806.84,18.0684,2,255,14.1130371255894
1,103,103021,"Ceppo Morelli",4018.64,40.1864,3,341,8.48545776680668
1,103,103022,Cesara,1165.47,11.6547,2,598,51.3097720233039
1,103,103023,Cossogno,4025.78,40.2578,3,588,14.6058651987938
1,103,103024,Craveggia,3621.73,36.2173,3,728,20.1008910106496
1,103,103025,Crevoladossola,3987.43,39.8743,3,4726,118.522456820559
1,103,103026,Crodo,5357.61,53.5761,4,1472,27.4749375187817
1,103,103027,Cursolo-Orasso,2078.87,20.7887,2,106,5.09892393463757
1,103,103028,Domodossola,3689.16,36.8916,3,18175,492.659575621551
1,103,103029,Druogno,2960.95,29.6095,3,977,32.9961667707999
1,103,103030,Falmenta,1631.78,16.3178,2,157,9.62139504099818
1,103,103031,Formazza,13064.85,130.6485,4,442,3.38312341894473
1,103,103032,Germagno,289.77,2.8977,1,186,64.1888394243711
1,103,103033,Ghiffa,1465.23,14.6523,2,2394,163.387318031981
1,103,103034,Gignese,1457.87,14.5787,2,943,64.6834079856229
1,103,103035,"Gravellona Toce",1421.29,14.2129,2,7751,545.349647151531
1,103,103036,Gurro,1328.5,13.285,2,247,18.5923974407226
1,103,103037,Intragna,992.2,9.922,1,107,10.7841161056239
1,103,103038,Loreglia,915.33,9.1533,1,262,28.6235565315242
1,103,103039,Macugnaga,9956.94,99.5694,4,601,6.0359909771476
1,103,103040,"Madonna del Sasso",1541.17,15.4117,2,396,25.6947643673313
1,103,103041,Malesco,4317.7,43.177,3,1465,33.9301016745026
1,103,103042,Masera,2035.4,20.354,2,1527,75.0221086764272
1,103,103043,Massiola,805.5,8.055,1,137,17.008069522036
1,103,103044,Mergozzo,2699.51,26.9951,3,2196,81.348096506403
1,103,103045,Miazzina,2117.53,21.1753,2,414,19.5510807402965
1,103,103046,Montecrestese,8614.95,86.1495,4,1255,14.5676991741101
1,103,103047,Montescheno,2217.12,22.1712,2,414,18.6728729162156
1,103,103048,Nonio,979.99,9.7999,1,878,89.5927509464382
1,103,103049,Oggebbio,2143.79,21.4379,2,881,41.0954431170964
1,103,103050,Omegna,3037.24,30.3724,3,15744,518.365358022415
1,103,103051,Ornavasso,2591.98,25.9198,3,3407,131.443915462311
1,103,103052,Pallanzeno,436.59,4.3659,1,1176,269.360269360269
1,103,103053,Piedimulera,756.57,7.5657,1,1559,206.061567336796
1,103,103054,"Pieve Vergonte",4167.27,41.6727,3,2644,63.4468129014919
1,103,103055,Premeno,787.98,7.8798,1,746,94.672453615574
1,103,103056,Premia,8890.37,88.9037,4,577,6.49016857566108
1,103,103057,Premosello-Chiovenda,3416.33,34.1633,3,2034,59.5375739463108
1,103,103058,"Quarna Sopra",939.49,9.3949,1,289,30.7613705308199
1,103,103059,"Quarna Sotto",1637.41,16.3741,2,420,25.6502647473754
1,103,103060,Re,2715.26,27.1526,3,757,27.879466423105
1,103,103061,"San Bernardino Verbano",2667.6,26.676,3,1384,51.8818413555256
1,103,103062,"Santa Maria Maggiore",5370.61,53.7061,4,1264,23.5355015538272
1,103,103063,Seppiana,541.82,5.4182,1,161,29.7146653870289
1,103,103064,Stresa,3535.73,35.3573,3,4816,136.209495634565
1,103,103065,Toceno,1576.9,15.769,2,771,48.8933984399772
1,103,103066,"Trarego Viggiona",1890.09,18.9009,2,392,20.7397531334487
1,103,103067,Trasquera,3960.18,39.6018,3,211,5.32804064461716
1,103,103068,Trontano,5673.53,56.7353,4,1702,29.9989600830524
1,103,103069,Valstrona,5189.01,51.8901,4,1268,24.4362604812864
1,103,103070,"Vanzone con San Carlo",1573.46,15.7346,2,435,27.64607934107
1,103,103071,Varzo,9376.78,93.7678,4,2106,22.4597356448589
1,103,103072,Verbania,3749.23,37.4923,3,30332,809.019451994143
1,103,103073,Viganella,1366.51,13.6651,2,174,12.7331669727993
1,103,103074,Vignone,338.06,3.3806,1,1220,360.882683547299
1,103,103075,Villadossola,1873.35,18.7335,2,6777,361.758347345664
1,103,103076,Villette,738.35,7.3835,1,264,35.7554005552922
1,103,103077,Vogogna,1562.47,15.6247,2,1751,112.066151670112